School,FullAddress,Latitude,Longitude
"Loreto Secondary School, Brick Lane, Balbriggan","Brick Lane, Tankardstown, Balbriggan, Co. Dublin, Ireland",53.6125785,-6.1858034
"St Marys Secondary School, Baldoyle, D13 W208","13 Main St, Baldoyle, Dublin, Ireland",53.3969916,-6.126854
"Blackrock College, Blackrock College, Co Dublin","Rock Rd, Williamstown, Dublin, Ireland",53.3032244,-6.191163
"Willow Park School, Rock Road, Blackrock","Rock Rd, Williamstown, Blackrock, Co. Dublin, Ireland",53.3060293,-6.1953313
"Coláiste Eoin, Baile an Bhóthair, Bóthair Stigh Lorgan","Stillorgan Rd, Booterstown, Blackrock, Co. Dublin, Ireland",53.3025696,-6.2049226
"Coláiste Íosagáin, Bóthar Stigh Lorgan, Baile an Bhóthair","Stillorgan Rd, Booterstown, Co. Dublin, Ireland",53.3020994,-6.2063058
"Oatlands College, Mount Merrion, Co Dublin","Mount Merrion, Dublin, Ireland",53.2926895,-6.2026421
"Dominican College, Dominican College Sion Hill, Cross Avenue","Cross Ave, Blackrock, Dublin, A94 TP97, Ireland",53.3013306,-6.1892508
"Rockford Manor Secondary School, Stradbrook Rd, Blackrock","Rockford Manor secondary school, Stradbrook Rd, Blackrock, Dublin, Ireland",53.287178,-6.162801
"Rathdown School, Upper Glenageary Road, Glenageary","Glenageary Rd Upper, Glenageary, Dublin, A96 H5N3, Ireland",53.2773709,-6.1305882
"Clonkeen College, Clonkeen Road, Blackrock","Clonkeen Rd, Deansgrange, Blackrock, Co. Dublin, Ireland",53.2698715,-6.1571744
"Castleknock College, College Rd, Castleknock","College Rd, Castleknock, Dublin, Co. Dublin, D15 PD95, Ireland",53.3682815,-6.3683856
"Mount Sackville Secondary School, Tower Road, Chapelizod,","Sisters of St. Joseph of Cluny, Chapelizod, Castleknock, Dublin 20, Co. Dublin, Ireland",53.359926,-6.358112
"Moyle Park College, Clondalkin, Dublin 22","Convent Rd, Clondalkin, Dublin 22, Ireland",53.3202794,-6.3973506
"Coláiste Bríde, New Road, Clondalkin","22 New Rd, Bushelloaf, Clondalkin, Co. Dublin, Ireland",53.3204526,-6.3931241
"Loreto Abbey Secondary School, Dalkey, Co Dublin","Loreto Ave, Harbour Rd, Dalkey, Co. Dublin, A96 YC81, Ireland",53.2795181,-6.0996002
"Mount Anville Secondary School, Mount Anville Road, Dublin 14","14 Mount Anville Rd, Mountanville, Dublin, Ireland",53.2930822,-6.2231361
"Christian Brothers College, Monkstown Park, Dun Laoghaire","Mounttown Road Upper, Dún Laoghaire, Dublin, Ireland",53.2899387,-6.1482453
"Loreto College Foxrock, Springfield Park, Foxrock","Springfield Park, Deansgrange, Dublin 18, D18 FT21, Ireland",53.2724078,-6.1753241
"Holy Child Secondary School, Military Road, Killiney","Military Rd, Killiney, Co. Dublin, Ireland",53.2531446,-6.114055
"St Joseph Of Cluny Secondary School, Ballinclea Road, Killiney","Avondale Rd, Ballinclea, Killiney, Co. Dublin, Ireland",53.2708551,-6.1240119
"St Benildus College, Upper Kilmacud Rd, Stillorgan","Kilmacud Rd Upper, Stillorgan, Dublin, Ireland",53.2846602,-6.2213697
"St Laurence College, Loughlinstown, Dublin 18","Wyattville Rd, Glenageary, Loughlinstown, Co. Dublin, Ireland",53.2510054,-6.1383621
"St Josephs College, Lucan, Co Dublin","Lucan Rd, Esker North, Lucan, Co. Dublin, Ireland",53.3579268,-6.4409843
"Coláiste Phádraig CBS, Roselawn, Lucan","Roselawn, Ballydowd, Lucan, Co. Dublin, Ireland",53.3568794,-6.432607
"The Kings Hospital, Palmerstown, Dublin 20","Old Lucan Road, Brooklawn, Palmerstown, Co. Dublin, D20 V256, Ireland",53.3588868,-6.387131
"St Pauls College, Sybil Hill, Raheny","Sybil Hill Ave, Clontarf, Dublin 5, D05 W314, Ireland",53.3730167,-6.1934137
"Árdscoil La Salle, Raheny Road, Raheny","Raheny Rd, Donaghmede, Raheny, Co. Dublin, D05 Y132, Ireland",53.388932,-6.169582
"Manor House School, Watermill Road, Raheny","Watermill Rd, Raheny - St. Assam, Dublin, Ireland",53.3785542,-6.1729941
"De La Salle College, Upper Churchtown Road, Churchtown","Churchtown Rd Upper, Churchtown Upper, Dublin, Ireland",53.2966942,-6.2642198
"St Columba's College, Whitechurch, Dublin 16","Kilmashogue Ln, Whitechurch, Dublin 16, D16 CH92, Ireland",53.2665156,-6.2688106
"Rockbrook Park School, Edmondstown Road, Rathfarnham","16 Edmondstown Rd, Rathfarnham, Dublin 16, Ireland",53.262671,-6.300305
"Loreto High School, Beaufort, Grange Rd","Grange Rd, Rathfarnham, Dublin, Ireland",53.2921079,-6.2832087
"Sancta Maria College, Ballyroan Crescent, Rathfarnham","Sancta Maria College, Ballyroan Cres, Templeogue, Dublin 16, Ireland",53.2848024,-6.3028515
"Coláiste Éanna, Hillside Park, Ballyroan Road","Hillside Park, Ballyroan Road, Ballyroan, Rathfarnham, Dublin 16, D16 E248, Ireland",53.2859957,-6.2962697
"St Joseph's Secondary School, Convent Lane, Rush","Convent Ln, Rush, Co. Dublin, Ireland",53.5201959,-6.0910681
"St Raphaela's Secondary School, St. Raphaela's Road, Stillorgan","St Raphaela's Rd, Kilmacud, Dublin, Ireland",53.2819004,-6.2092985
"St. Fintan's High School, Dublin Road, Sutton","13 Dublin Rd, Burrow, Sutton, Co. Dublin, D13 HN59, Ireland",53.3892178,-6.1179363
"Santa Sabina Dominican College, Greenfield Road, Sutton","Santa Sabina, Greenfield Rd, Howth Demesne, Dublin, Ireland",53.3874264,-6.1004037
"Sutton Park School, St Fintans Road, Sutton","St Fintan's Road, Sutton, Dublin 13, D13 PY92, Ireland",53.3766884,-6.0931013
"Coláiste Choilm, Dublin Road, Swords","Dublin Rd Dublin Rd, Miltonsfields, Swords, Co. Dublin, K67 CX99, Ireland",53.4525311,-6.2249102
"St Josephs C.B.S., Merville Ave, Fairview","Merville Ave, Fairview, Dublin 3, D03 H524, Ireland",53.363939,-6.233694
"St Vincents C.B.S. Glasnevin, Finglas Road, Glasnevin","Finglas Rd, Glasnevin, Dublin 11, D11 PA00, Ireland",53.3682916,-6.2749443
"C.B.S. James Street, James's Street, Dublin 8","8 Basin View, Saint Catherine's, Dublin 8, D08 H2H9, Ireland",53.340441,-6.2893134
"Árdscoil Rís, Griffith Avenue, Marino","Griffith Ave, Grace Park, Dublin 09, Ireland",53.3692639,-6.228192
"St Pauls C.B.S., Christian Brothers, Nth Brunswick Street","Saint Paul's Christian Brother's School Secondary School, Brunswick St N, Smithfield, Dublin 7, Ireland",53.3505534,-6.2758168
"O'Connell School, North Richmond Street, Dublin 1","13 Richmond St N, Drumcondra, Dublin, D01 V1K2, Ireland",53.3584422,-6.2502078
"Coláiste Mhuire, Bothar Rath Tó, Cabrach","7 Ratoath Rd, Cabra West, Dublin, D07 CY97, Ireland",53.3621764,-6.2979091
"Christian Brothers, Synge St., Synge Street CBS Secondary School, Synge Street","Synge St, Saint Kevin's, Dublin, Ireland",53.3336353,-6.2675154
"St. David's C.B.S., Artane, Dublin 5","St David's, Beaumont, Dublin 5, D05 Y0X3, Ireland",53.3814136,-6.2170366
"Meanscoil Iognáid Rís, Long Mile Road, Walkinstown","Long Mile Rd, Walkinstown, Dublin 12, Ireland",53.3243324,-6.3309735
"St. Aidan's C.B.S., Collins Avenue Ext, Whitehall","Collins Ave, Whitehall, Dublin, Ireland",53.3846085,-6.2517664
"C.B.S. Westland Row, Westland Row, Dublin 2","South Cumberland St, Dublin 2, Ireland",53.342825,-6.248949
"St Declan's College, Nephin Road, Cabra","Nephin Rd, Cabra West, Dublin 7, Ireland",53.3665733,-6.3031375
"Marian College, Ballsbridge, Dublin 4","4 Lansdowne Rd, Dublin Southside, Co. Dublin, Ireland",53.3330343,-6.2270398
"St Johns College De La Salle, Le Fanu Rd, Ballyfermot","10 Le Fanu Rd, Drumfinn, Dublin, Ireland",53.3446958,-6.3542329
"Beneavin De La Salle College, Beneavin Road, Finglas","11 Beneavin Rd, Finglas East, Dublin, Co. Dublin, 11, Ireland",53.3894011,-6.286723
"Belvedere College S.J, 6 Great Denmark Street, Dublin 1","6 Great Denmark Street, Rotunda, Dublin 1, Ireland",53.355811,-6.262495
"Gonzaga College, Sandford Road, Ranelagh","Gonzaga College SJ, Sandford Road, (via Sandford Close or Park Lane), Ranelagh, Dublin, D06 KF95, Ireland",53.3169236,-6.2492744
"Catholic University School, 89 Lower Leeson Street, Dublin 2","89 Leeson Street Lower, Saint Peter's, Dublin 2, D02 KC81, Ireland",53.3352708,-6.2558832
"Chanel College, Coolock Village, Malahide Road","Coolock Village, Malahide Rd, Kilmore, Dublin, D05 EY86, Ireland",53.387844,-6.204044
"St Marys College, 73-79 Lower Rathmines Road, Dublin 6","73-79 Rathmines Rd Lower, Rathmines, Dublin 6, D06 CH79, Ireland",53.3274498,-6.2672497
"St Michaels College, Ailesbury Road, Dublin 4","Ailesbury Rd, Dublin 4, D04 A373, Ireland",53.3200019,-6.2167167
"Templeogue College, Templeville Road, Dublin 6W","Templeville Rd, Dublin, Ireland",53.3041375,-6.3119162
"Terenure College, Templeogue Road, Terenure","Templeogue Rd, Terenure, Dublin, D6W DK72, Ireland",53.3038,-6.2942162
"St Kevins College, Ballygall Rd East, Finglas","Ballygall Rd E, Ballygall, Dublin 11, Ireland",53.3853781,-6.2778091
"St Conleths College, 28 Clyde Road, Ballsbridge","28 Clyde Rd, Dublin, D04 FT98, Ireland",53.3279611,-6.2403492
"St Kilian's Deutsche Schule, Roebuck Road, Clonskeagh","14 Roebuck Rd, Roebuck, Dublin, D14 P7F2, Ireland",53.3037622,-6.2295964
"Sandford Park School Ltd, Sandford Road, Ranelagh","Ranelagh, Dublin 6, Ireland",53.3228313,-6.2497797
"St Andrews College, Booterstown Ave, Blackrock","55 Booterstown Ave, Williamstown, Dublin, A94 P2N7, Ireland",53.306436,-6.1976358
"St Patricks Cathedral Grammar School, St Patricks Close, Dublin 8","St Patrick's Close, Dublin, Ireland",53.3390348,-6.2715525
"The High School, Danum, Zion Road","Danum, Zion Rd, Rathgar, Dublin 6, D06 YR68, Ireland",53.3059009,-6.2729587
"Dominican College, 204, Griffith Ave, Drumcondra","204 Griffith Ave, Drumcondra, Dublin 9, Ireland",53.3743641,-6.249518
"Scoil Chaitriona, Bóthar Mobhí, Glasnaíon","St Mobhi Rd, Glasnevin, Drumcondra, Dublin 9, D09 TW99, Ireland",53.3745441,-6.2623067
"Muckross Park College, Donnybrook, Dublin 4","Marlborough Road, Donnybrook, Dublin 4, Ireland",53.321763,-6.2424904
"Saint Dominic's Secondary School, Ballyfermot, Dublin 10","10 Kylemore Rd, Chapelizod, Ballyfermot, Co. Dublin, Ireland",53.3445522,-6.3472355
"St Dominics College, Cabra, Dublin 7","Ratoath Rd, Ashtown, Dublin 7, D07 NX47, Ireland",53.3714993,-6.3075605
"Caritas College, Drumfinn Road, Ballyfermot","10 Drumfinn Rd, Drumfinn, Dublin 10, Ireland",53.348866,-6.358627
"St Michaels Secondary School, Wellmount Road, Finglas","Wellmount Rd, Finglas West, Dublin, D11 K2C3, Ireland",53.3868506,-6.3014674
"Holy Faith Secondary School, 1 Belgrove Road, Clontarf","178-180 Clontarf Rd, Clontarf, Dublin, D03 VP04, Ireland",53.360006,-6.1978615
"St Mary's Secondary School, St. Mary's Secondary School, Holy Faith Convent","75 Frederick St, Port of Spain, Trinidad and Tobago",10.6588353,-61.5104862
"St Marys Secondary School, Brookwood Meadow, Killester","Brookwood Meadow, Clontarf West, Dublin 5, Co. Dublin, D05 K588, Ireland",53.3790414,-6.2016948
"Presentation College, Presentation Secondary School, Clarence Mangan Road","Clarence Mangan Rd, Warrenmount, Dublin 8, D08 W0X7, Ireland",53.3359772,-6.2778127
"Loreto College, Crumlin Road, Dublin 12","12 Crumlin Rd, Crumlin, Dublin 12, Ireland",53.329421,-6.297683
"Loreto College, Swords, Rivervalley","River Valley, Swords, Co. Dublin, Ireland",53.4543605,-6.2450791
"Loreto College, 53 St Stephens Green, Dublin 2","53 St Stephen's Green, Saint Peter's, Dublin 2, D02 XE79, Ireland",53.3368283,-6.2563519
"Maryfield College, Glandore Road, Drumcondra","Sion Hill Rd, Grace Park, Dublin, Ireland",53.3760038,-6.235165
"Rosary College, Armagh Road, Crumlin","Armagh Rd, Crumlin, Dublin, D12 V6RK, Ireland",53.3187376,-6.3074433
"St Josephs Secondary School, Stanhope Street, off Manor Street","7 Stanhope St, Stoneybatter, Dublin 7, Ireland",53.3526,-6.2819048
"Assumption Secondary School, Walkinstown, Dublin 12","62 Walkinstown Rd, Walkinstown, Dublin 12, D12 P3F6, Ireland",53.3225312,-6.3319853
"Mount Carmel Secondary School, King's Inns Street, Dublin 1","King's Inns St, Rotunda, Dublin 1, D01 W657, Ireland",53.3520287,-6.2687145
"Our Ladys School, Templeogue Road, Terenure","Templeogue Rd, Templeogue Village, Ballyboden, Co. Dublin, D6W, Ireland",53.3004921,-6.2961531
"Our Lady Of Mercy College, Beaumont, Dublin 9","Beaumont Rd, Beaumont, Dublin 9, Ireland",53.3856792,-6.2304959
"Mercy College Coolock, St Brendan's Drive, Malahide Road","St Brendan's Dr, Donaghmede, Dublin, Ireland",53.3862514,-6.1996219
"Mercy Secondary School, Thomas Davis Street West, Inchicore","Thomas Davis St W, Inchicore, Dublin, Ireland",53.3373353,-6.3218796
"St Louis High School, Charleville Road, Rathmines","6 Charleville Rd, Rathmines, Dublin, Ireland",53.3215157,-6.2705757
"Our Lady's Grove Secondary School, Our Lady's Grove, Goatstown Road","Goatstown Rd, Friarland, Dublin 14, D14 AK75, Ireland",53.3007165,-6.2350684
"The Teresian School, 12 Stillorgan Road, Donnybrook","12 Stillorgan Rd, Dublin 4, D04 E9X5, Ireland",53.3149227,-6.2279599
"St Pauls Secondary School, Greenhills, Dublin 12","Limekiln Ln, Greenhills, Dublin, D12 E544, Ireland",53.3089898,-6.3304914
"Alexandra College, Milltown, Dublin 6","Milltown Rd, Rathmines, Milltown, Co. Dublin, Ireland",53.3109345,-6.2483265
"Rosemont School, Enniskerry Road, Sandyford","Enniskerry Rd, Sandyford, Dublin, Ireland",53.2610648,-6.2287431
"Our Lady Of Mercy Secondary School, Mourne Road, Drimnagh","12 Mourne Rd, Drimnagh, Dublin, Ireland",53.3307204,-6.3195953
"Wesley College, Ballinteer, Dublin 16","36 R826, Sandyford, Dublin, Ireland",53.2785599,-6.2420009
"Stratford College, 1 Zion Road, Rathgar","1 Zion Rd, Rathfarnham, Dublin 6, D06 T9V3, Ireland",53.3097011,-6.2743134
"St Clare's College, Ballyjamesduff, Co. Cavan","Virginia Rd, Kilmore, Ballyjamesduff, Co. Cavan, Ireland",53.8653275,-7.197611
"St Patrick's College, Cullies, Cavan","Cullies, Co. Cavan, Ireland",54.0097605,-7.3516469
"Loreto College, Cavan, Co. Cavan","Loreto College, Drumlark, Cavan, H12 WV60, Ireland",54.0127666,-7.3737017
"Royal School Cavan, College Street, Cavan","College St, Tullymongan Upper, Cavan, Ireland",53.9844935,-7.3617566
"St Mary's Academy CBS, Railway Rd, Carlow","Railway Rd, Rathnapish, Carlow, Ireland",52.8411987,-6.9234051
"St Mary's Knockbeg College, Knockbeg, Co. Carlow","Knockbeg, Carlow, Ireland",52.867315,-6.9377338
"St. Leo's College, Dublin Road, Carlow","Old Dublin Rd, Graigue, Carlow, R93 R5X5, Ireland",52.839996,-6.9274908
"Presentation College, Askea, Carlow","Askea, Carlow, R93 F298, Ireland",52.8370177,-6.9086865
"Presentation / De La Salle College, Royal Oak Road, Muine Bheag","Presentation De La Salle College, Royal Oak Rd, Muine Bheag, Co. Carlow, Ireland",52.7009046,-6.9701113
"St. Joseph's Secondary School, Doon Road, Ballybunion","R551, Doon West, Co. Kerry, Ireland",52.5172998,-9.6738562
"Meanscoil Phadraig Naofa, College Road, Castleisland","College Rd, Knockananlig, Castleisland, Co. Kerry, Ireland",52.2345409,-9.4578999
"Mean Scoil Naomh Ioseph, Presentation Secondary School, Castleisland","Church St, Chapel Quarter, Castleisland, Co. Kerry, Ireland",52.2302027,-9.4624887
"Coláiste Íde, Baile an Ghóilín, Daingean Uí Chúis","Coláiste Íde, Burnham West, Dingle, Co. Kerry, Ireland",52.1271115,-10.3052475
"St. Brendan's College, Cill Airne, Co Chiarraí","New Rd, Inch, Killarney, Co. Kerry, Ireland",52.0610117,-9.5169263
"St. Brigid's Secondary School, New Street, Killarney","New St, Monearmore, Killarney, Co. Kerry, Ireland",52.0585011,-9.515911
"The Intermediate School, Laharn, Killorglin","Killorglin Intermediate School, Iveragh Rd, Castleconway, Killorglin, Co. Kerry, Ireland",52.1071452,-9.7953003
"St. Michael's College, Listowel, Co. Kerry","St. Michael's College, Listowel, Co. Kerry, N69, Ballygowloge, Co. Kerry, Ireland",52.4475421,-9.4760996
"Presentation Secondary School, Listowel, Co Kerry","106 Feale Dr, Listowel, Co. Kerry, V31 AH76, Ireland",52.448081,-9.4937056
"Presentation Secondary School, Milltown, Killarney","Miltown, Milltown, Killarney, Co. Kerry, Ireland",52.1443087,-9.7140816
"C.B.S. Secondary School, The Green, Tralee","The Green Tralee, Cloon Beg, Tralee, Co. Kerry, Ireland",52.2645913,-9.7048124
"Presentation Secondary School, Ballymullen, Tralee","Cloonbeg, Cloon Beg, Tralee, Co. Kerry, Ireland",52.2660639,-9.7000182
"Coláiste Éamann Rís, Kilkenny Rd, Clashacollaire","Kilkenny Rd, Blackstaff, Callan, Co. Kilkenny, Ireland",52.5493778,-7.3859701
"St. Brigid's College, St. Brigid's College, Callan,","3 Flaggy Ln, Callan North, Callan, Co. Kilkenny, R95 E0H7, Ireland",52.5480079,-7.3889226
"Meánscoil na mBráithre Criostaí, Sráid Shéamais, Cill Channaigh","James's St, Gardens, Kilkenny, Ireland",52.6530261,-7.2561542
"St Kieran's College, Secondary School, College Rd","College Rd, Kilkenny, Ireland",52.6475799,-7.2549442
"Kilkenny College, Castlecomer Road, Kilkenny","Castlecomer Rd, Seixeslough, Kilkenny, Ireland",52.6677089,-7.2475081
"Loreto Secondary School, Granges Road, Kilkenny","Granges Rd, Kilkenny, Co. Kilkenny, R95 W2NV, Ireland",52.6589207,-7.2615104
"Presentation Secondary School, Loughboy, Kilkenny","Loughboy, Kilkenny, R95 RR90, Ireland",52.638977,-7.2472105
"Salesian College, Celbridge, Co Kildare","Maynooth Rd, Crodaun, Celbridge, Co. Kildare, Ireland",53.3583155,-6.5523368
"Newbridge College, Newbridge, Co. Kildare","Common, Newbridge, Co. Kildare, Ireland",53.188628,-6.7934194
"Patrician Secondary School, Newbridge, Co Kildare","Naas Rd, Piercetown, Newbridge, Co. Kildare, Ireland",53.1845071,-6.7925469
"Holy Family Secondary School, Naas Road, Newbridge","Naas Rd, Littleconnell, Newbridge, Co. Kildare, W12 YD71, Ireland",53.1832238,-6.7899728
"Cross And Passion College, Kilcullen, Co Kildare","Kilcullen, Kilcullenbridge, Kilcullen, Co. Kildare, Ireland",53.1302052,-6.7467934
"Scoil Dara, Church St,, Kilcock,","Church St, Kilcock, Co. Kildare, Ireland",53.4029847,-6.6704329
"St Pauls Secondary School, Monasterevin, Co Kildare","Hopkin's Lane, Monasterevin, Co. Kildare, Ireland",53.1425507,-7.0665546
"Meánscoil Iognáid Ris, Naas, Co Kildare","Corban's Ln, Naas East, Naas, Co. Kildare, Ireland",53.2162084,-6.6621638
"Clongowes Wood College, Clongowes Wood College SJ, Clane","Kilcock Road, Castlebrown, Clane, Co. Kildare, W91 DN40, Ireland",53.3114357,-6.6841632
"Coláiste Naomh Mhuire, Colaiste Naomh Mhuire, Sallins Road","Sallins Rd, Naas West, Naas, Co. Kildare, Ireland",53.2202205,-6.6637766
"Arklow CBS, Coolgreaney Road, Arklow","Coolgreaney Rd, Sheephouse, Arklow, Co. Wicklow, Ireland",52.7975306,-6.1660971
"St Marys College, St Mary's Rd, Arklow","St Mary's Rd, Abbeylands, Arklow, Co. Wicklow, Ireland",52.7952681,-6.1579569
"Woodbrook College, Dublin Road, Woodbrook","Dublin Rd, Woodbrook Glen, Bray, Co. Wicklow, Ireland",53.2159155,-6.1208981
"Presentation College, Putland Road, Bray","Headlands, Newcourt, Bray, Co. Wicklow, Ireland",53.1923006,-6.1020267
"St. Gerard's School, Thornhill Road, Bray","Thornhill Rd, Oldconnaught, Bray, Co. Dublin, Ireland",53.20457,-6.135569
"Loreto Secondary School, Vevay Rd, Bray","Loreto Secondary School, Vevay Rd, Bray, Co. Wicklow, Ireland",53.1968412,-6.1065022
"St David's Holy Faith Secondary, Co-Educational School, Greystones","Kimberley Rd, Rathdown Lower, Greystones, Co. Wicklow, Ireland",53.1467248,-6.0609531
"Dominican College, Wicklow Town, Co. Wicklow","Corporation Lands, Wicklow, Ireland",52.9771426,-6.0395438
"Rice College, New Road, Ennis","Rice College, New Rd, Lifford, Ennis, Co. Clare, Ireland",52.8478248,-8.9795321
"St Flannan's College, Ennis, Co Clare","Clonroad More, Ennis, Co. Clare, Ireland",52.8336549,-8.9835507
"Coláiste Mhuire, College Road, Ennis","Coláiste Muire, Rae an Chairdis, Lifford, Inis, Co. Contae an Chláir, Ireland",52.8469905,-8.9854667
"Meánscoil Na mBráithre, Ennistymon, Co. Clare","Saint Joseph's Christian Brother's School, Monastery Ln, Deerpark Middle, V95 W880, Co. Clare, Ireland",52.941792,-9.2895743
"Scoil Mhuire, Ennistymon, Co Clare","Scoil Mhuire, Lahinch Rd, Ennistimon, Co. Clare, Ireland",52.9388548,-9.2986566
"Mary Immaculate Secondary School, Lisdoonvarna, Co Clare","Lisdoonvarna, Rathbaun, Lisdoonvarna, Co. Clare, Ireland",53.0305019,-9.2898619
"St. Joseph's Secondary School, Spanish Point, Miltown Malbay","Breaffy South, Spanish Point, Co. Clare, Ireland",52.8466428,-9.4397015
"St. Joseph's Secondary School, Tulla, Ennis","Tulla, Co. Clare, Ireland",52.863721,-8.761016
"Árdscoil Uí Urmoltaigh, Bandon, Co Cork","Allen Square, Coolfadda, Bandon, Co. Cork, Ireland",51.746973,-8.7442525
"Bandon Grammar School, Bandon, Co Cork","Clancool More, Bandon, Co. Cork, Ireland",51.7337153,-8.7480502
"Coláiste Na Toirbhirte, Árd Aoibhinn, Bandon","Ard Aoibhinn, Bandon, Co. Cork, P72 FW28, Ireland",51.740204,-8.731043
"Scoil Mhuire gan Smal, Blarney, Co Cork","Blarney, Shean Lower, Blarney, Co. Cork, Ireland",51.9325413,-8.5598213
"Coláiste An Chroí Naofa, Carraig na bhFear, Co Chorcaí","College Rd, Carrignavar, Co. Cork, Ireland",51.9847831,-8.4699168
"St Aloysius College, Main Street, Carrigtwohill","Carrigtohill, Co. Cork, Ireland",51.9100172,-8.2593248
"Sacred Heart Secondary School, Convent of Mercy, Clonakilty","10 Convent Ct, Scartagh, Clonakilty, Co. Cork, P85 KW28 Convent Ct, Scartagh, Clonakilty, Co. Cork, P85 KW28, Ireland",51.6269542,-8.8799914
"Coláiste Muire, Bishop's Street, Cobh","Bishop St, Kilgarvan, Cobh, Co. Cork, Ireland",51.8547853,-8.2937925
"Colaiste Muire, Crosshaven, Co. Cork","Coláiste Muire, Crosshaven, Co. Cork, Ireland",51.801271,-8.2981646
"Nagle Rice Secondary School, Doneraile, Co. Cork","Doneraile, Horseclose, Doneraile, Co. Cork, Ireland",52.2215313,-8.5838574
"Coláiste Cholmáin, Fermoy, Co. Cork","Fermoy, Co. Cork, Ireland",52.1372158,-8.2790351
"Loreto Secondary School, Fermoy, Co Cork","College Rd, Fermoy, Co. Cork, Ireland",52.135928,-8.2773
"Scoil Mhuire, Kanturk, Co Cork","Greenfield Rd, Kanturk, Co. Cork, Ireland",52.178266,-8.9116213
"Colaiste An Phiarsaigh, Gleann Maghair, Corcaigh","Poulacurry South, Glanmire, Co. Cork, Ireland",51.9180756,-8.398856
"De La Salle College, Macroom, Co Cork","Barrack Ln, Maghereen, Co. Cork, Ireland",51.9064068,-8.9643844
"St Mary'S Secondary School, St. Marys Secondary School, Macroom","New Road, Macroom, Co. Cork, Ireland",51.9036256,-8.9579788
"Patrician Academy, Mallow, Co Cork","The Bowling Green, White St, Mallow Road, Mallow, Co. Cork, Ireland",52.1388367,-8.6449705
"St Mary's Secondary School, Bathview, Mallow","Mallow, Co. Cork, Ireland",52.141404,-8.641123
"Christian Brothers Secondary School, Castleredmond, Midleton","Castleredmond, Midleton, Co. Cork, P25 C951, Ireland",51.9072005,-8.1703219
"Midleton College, Connolly Street, Midleton","Connolly St, Midleton, Co. Cork, Ireland",51.9148487,-8.1711509
"St Mary's High School, Castleredmond,, Midleton,","Castleredmond, Midleton, Co. Cork, Ireland",51.9084043,-8.1692552
"Christian Brothers Secondary School, Mitchelstown, Co Cork","Mitchelstown, Ballinwillin, Mitchelstown, Co. Cork, Ireland",52.2662127,-8.2698863
"Presentation Secondary School, Brigown, Mitchelstown","Presentation Secondary School, Church Rd, Brigown, Mitchelstown, Co. Cork, Ireland",52.2654128,-8.2653065
"Scoil na mBráithre Chríostaí, Bakers Road, Charleville","Bakers Rd, Ballysallagh, Charleville, Co. Cork, Ireland",52.3537589,-8.6788997
"St. Mary's Secondary School, Smiths Road, Charleville","St Mary's Secondary School, Rathgoggan Middle, Co. Cork, Ireland",52.3543921,-8.6866722
"St Francis Capuchin College, Rochestown, Co Cork",.,.,.
"Mount St Michael, Rosscarbery, Co Cork","Mount Saint Michael's Secondary School, Ardagh East, Rosscarbery, Co. Cork, Ireland",51.583032,-9.0257308
"Christian Brothers College, Sidney Hill, Wellington Road","10a Wellington Rd, Cork, Ireland",51.9036375,-8.4681664
"North Monastery Secondary School, Our Lady's Mount, North Monastery Rd.","North Monastery Road, Cork, T23 P825, Ireland",51.9082336,-8.4800141
"Gaelcholáiste Mhuire, An Mhainistir Thuaidh, Corcaigh","Cork City, Cork, Ireland",51.9092254,-8.480668
"Coláiste Éamann Rís, St Patrick's Road, Cork","Deerpark CBS, St Patrick's Rd, Ballyphehane, Cork, T12 K83R, Ireland",51.8898683,-8.4738335
"Coláiste Chríost Rí, Capwell Road,, Turners Cross,","Capwell Rd, Turners Cross, Cork, Ireland",51.8895847,-8.4646216
"Presentation Brothers College, The Mardyke, Cork","Mardyke Walk, Mardyke, Cork, Ireland",51.8975894,-8.4850617
"Coláiste An Spioraid Naoimh, Bishopstown, Cork","Bishopstown, Cork, Co. Cork, Ireland",51.8829286,-8.517108
"St Vincent's Secondary School, St Mary's Road, Cork","St Mary's Rd, Cork, Ireland",51.9065755,-8.4783722
"North Presentation Secondary School, Farranree, Cork","Knockpogue Ave, Farranree, Cork, Ireland",51.9119485,-8.4855478
"St Aloysius School, Sharman Crawford Street, Cork","9 Sharman Crawford St, The Lough, Cork, Co. Cork, T12 RK03, Ireland",51.8957282,-8.4818746
"St. Angela's College, St. Patrick's Hill, Cork","St Patrick's Hill, Cork, T23 FXY8, Ireland",51.9028905,-8.4701155
"Ursuline Secondary School, Blackrock, Cork","Blackrock, Cork, Ireland",51.8955772,-8.4157559
"Mount Mercy College, Model Farm Road, Cork","Model Farm Rd, Cork, Ireland",51.8900721,-8.5169905
"Scoil Mhuire, 1-3 Sidney Place, Wellington Road","2 Sidney Pl, Wellington Rd, Victorian Quarter, Cork, Ireland",51.9022221,-8.4679331
"Regina Mundi College, Douglas Road, Cork","Ballinlough, Cork, Ireland",51.8835043,-8.4437439
"Christ King Girls' Secondary School, Half Moon Lane, South Douglas Road","Half Moon Ln, South Douglas Road, Cork, Co. Cork, T12 R22C, Ireland",51.8845041,-8.4624111
"Presentation Secondary School, Joe Murphy Road, Ballyphehane","Joe Murphy Rd, Ballyphehane, Cork, Ireland",51.8838438,-8.4784426
"St Patricks College, Gardiner's Hill, Cork","Gardiner's Hill, Montenotte, Cork, Ireland",51.9083252,-8.4549533
"Scoil Mhuire Secondary School, St. Oran's Road, Buncrana","Ardaravan, Buncrana, Co. Donegal, Ireland",55.131219,-7.4582273
"St Eunan's College, Letterkenny, Co Donegal","Letterkenny, Co. Donegal, Ireland",54.9517496,-7.7455758
"Loreto Secondary School, Letterkenny, Co Donegal","Church Ln, Letterkenny, Co. Donegal, Ireland",54.9496892,-7.7411439
"St Columbas College, Stranorlar, Co. Donegal","Drumboe Ave, Stranorlar, Co. Donegal, Ireland",54.8040645,-7.7752411
"Presentation College, Ballygarraun South,, Athenry,","L3103, Prospect, Athenry, Co. Galway, Ireland",53.2990914,-8.7619332
"Colaiste Sheosaimh, Gearrbhaile, Beál Átha na Slua","Ballinasloe, Co. Galway, Ireland",53.3287621,-8.2269467
"Ardscoil Mhuire, Mackney, Ballinasloe","Mackney, Ballinasloe, Co. Galway, H53 CP40, Ireland",53.3223039,-8.2467489
"Coláiste Mhuire, Ballygar, Co. Galway","Lower Main St, Tullyroe, Ballygar, Co. Galway, Ireland",53.5243338,-8.3215176
"St. Cuan's College, Castleblakeney, Ballinasloe","Castleblakeney National School, Ballinasloe, Castleblakeney, Co. Galway, Ireland",53.428941,-8.4729768
"St Joseph's College, Nun's Island, Galway","Nun's Island, Galway, Ireland",53.2725622,-9.0579615
"Coláiste Iognáid S.J., Br. Na Mara, Gaillimh","Sea Rd, Galway, Ireland",53.2693582,-9.0616526
"St. Mary's College, St. Mary's Road, Galway","SAINT MARY'S COLLEGE, St Mary's Rd, Galway, Co. Galway, H91 H7F8, Ireland",53.2709827,-9.0670829
"Coláiste Einde, Threadneedle Road, Galway","Dr Mannix Road, Salthill, Co. Galway, H91 Y725, Ireland",53.2646873,-9.0830859
"Dominican College, Taylors Hill, Galway","Taylor's Hill Rd, Rosary Ln, Galway, Ireland",53.2687305,-9.0754937
"Jesus & Mary Secondary School, Threadneedle Road, Salthill","507 Mulberry St, Independence, KS 67301, USA",37.2467307,-95.7122751
"Presentation College, Headford, Co. Galway","Headford, Co. Galway, Ireland",53.4683378,-9.1110104
"Seamount College, Kinvara, Co Galway","Kinvarra, Dungory West, Kinvara, Co. Galway, Ireland",53.1387045,-8.9352155
"St Raphaels College, Loughrea, Co Galway","Cross St, Farranalynch, Loughrea, Co. Galway, Ireland",53.1999042,-8.5609795
"Holy Rosary College, Mountbellew, Co Galway","Mountbellew, Co. Galway, Ireland",53.4695915,-8.4974634
"Calasanctius College, Oranmore, Co Galway","Oranmore, Innplot, Oranmore, Co. Galway, Ireland",53.267645,-8.9332681
"St Pauls, Oughterard, Co Galway","Carrowmanagh, Co. Galway, Ireland",53.4302059,-9.3291638
"Colaiste Chroi Mhuire, An Spideal, Co Na Gaillimhe","Bohoona East, Spiddal, Co. Galway, Ireland",53.2437593,-9.3074602
"St. Brigid's School, Convent Of Mercy, Tuam","Dublin Rd, Townparks (3rd Division), Tuam, Co. Galway, H54 F202, Ireland",53.5128392,-8.8478484
"Presentation College, Currylea, Tuam","Currylea, Tuam, Co. Galway, H54 V260, Ireland",53.5179802,-8.8490486
"Mercy College, Woodford, Loughrea","Woodford, Bolag, Woodford, Co. Galway, Ireland",53.0488882,-8.3971015
"Marist College, Retreat Road, Athlone","Retreat Rd, Cannonsfield, Athlone, Co. Westmeath, Ireland",53.4250057,-7.9258939
"Our Lady's Bower, Retreat Rd., Athlone","Retreat Rd, Aghacocara, Athlone, Co. Westmeath, Ireland",53.4225836,-7.9220011
"Meán Scoil an Chlochair, Kilbeggan, Co. Westmeath","Kilbeggan, Co. Westmeath, Ireland",53.3675844,-7.4931893
"Colaiste Mhuire,, Mullingar, Co. Westmeath","College St, Commons, Mullingar, Co. Westmeath, N91 AT04, Ireland",53.527257,-7.3468931
"St Finian's College, Mullingar, Co. Westmeath","Longford Rd, Ballyglass, Mullingar, Co. Westmeath, Ireland",53.5391773,-7.3554597
"Loreto College, Mullingar, Co Westmeath","Harbour Rd, Commons, Mullingar, Co. Westmeath, N91 PX98, Ireland",53.5297874,-7.346506
"Wilson's Hospital School, Multyfarnham, Co Westmeath","Heathland, Co. Westmeath, N91 AX97, Ireland",53.6126153,-7.4186884
"St Joseph's Secondary School, Rochfortbridge, Co. Westmeath","Castlelost Road, Castlelost, Rochfortbridge, Co. Westmeath, Ireland",53.4140718,-7.3024653
"St. Mary's C.B.S., Borris Road, Portlaoise","Borris Rd, Ratheven, Portlaoise, Co. Laois, Ireland",53.0499161,-7.279241
"Scoil Chriost Ri, Presentation Secondary School, Borris Road","Borris Rd, Ratheven, Portlaoise, Co. Laois, Ireland",53.0487946,-7.2801655
"F.C.J. Secondary School, Bunclody, Enniscorthy","Bunclody, Ballinapark, Enniscorthy, Co. Wexford, Ireland",52.6565276,-6.646004
"St. Mary's C.B.S., Mill Park Road, Enniscorthy","Mill Park Rd, Enniscorthy, Co. Wexford, Ireland",52.4973604,-6.5690937
"Coláiste Bríde, Enniscorthy, Co Wexford","The Shannon, Templeshannon, Enniscorthy, Co. Wexford, Ireland",52.5018716,-6.5612254
"Christian Brothers Secondary School, Mountgarrett, New Ross","Mountgarrett Ln, Craywell, New Ross, Co. Wexford, Ireland",52.3989956,-6.9390784
"Good Counsel College, New Ross, Co Wexford","Bosheen St, Reddysland, New Ross, Co. Wexford, Ireland",52.3960173,-6.9313993
"St. Mary's Secondary School, Irishtown, New Ross","Irishtown, Morrissysland, New Ross, Co. Wexford, Ireland",52.3995627,-6.9307021
"Our Lady of Lourdes Secondary School, Rosbercon, New Ross","Co. Wexford7, 7 Upper, Upper Rosbercon, Thomastown Rd, Rosbercon, New Ross, Co. Wexford, Y34 FT82, Ireland",52.3985154,-6.9530036
"Christian Brothers Secondary School, Thomas St, Wexford","Thomas St, Slippery Green, Wexford, Ireland",52.333357,-6.4650908
"St Peter's College, Secondary School, Summerhill","2641 John F. Kennedy Blvd, Jersey City, NJ 07306, USA",40.7272231,-74.0715029
"Loreto Secondary School, Pembroke Hill, Ballynagee","Pembroke Hill, Ballynagee, Wexford, Co. Wexford, Ireland",52.3226218,-6.4854942
"Presentation Secondary School, Grogan's Road, Co. Wexford","Grogan's Rd, Slippery Green, Wexford, Co. Wexford, Y35 XV70, Ireland",52.3358143,-6.4644837
"Mercy Secondary School, Ballymahon, Co Longford","Ballymahon, Co. Longford, Ireland",53.565993,-7.7673962
"Cnoc Mhuire, Granard, Co. Longford","Rathcronan, Granard, Co. Longford, Ireland",53.780259,-7.488388
"St. Mel's College, Longford, Co. Longford","St Mel's Rd, Deanscurragh, Longford, Ireland",53.7289198,-7.7937244
"Meán Scoil Muire, 5 St. Joseph's Road, Longford Town","5 St Joseph's Rd, Deanscurragh, Longford, Ireland",53.7254726,-7.7956046
"St. Joseph's C.B.S., Newfoundwell Rd, Drogheda","Newfoundwell Rd, Greenbatter, Drogheda, Co. Louth, Ireland",53.7242161,-6.3312049
"St Mary's Diocesan School, Beamore Road, Drogheda","Beamore Rd, Lagavooren, Drogheda, Co. Louth, Ireland",53.7085107,-6.3473845
"Our Lady's College, Greenhills, Drogheda","Greenhills, Drogheda, Co. Louth, Ireland",53.7202731,-6.3269481
"Sacred Heart Secondary School, Sunnyside, Drogheda","Sunnyside, Drogheda, Co. Louth, Ireland",53.7112734,-6.343114
"Drogheda Grammar School, Mornington Road, Drogheda","Mornington Rd, Stameen, Drogheda, Co. Meath, Ireland",53.7185462,-6.3035134
"Colaiste Rís, Sraid an tSéipéil, Dún Dealgan","46 Clanbrassil St, Townparks, Dundalk, Co. Louth, A91 F882, Ireland",54.0074434,-6.4014756
"St Mary's College, St.Marys College,, St. Marys Road,","1928 St Marys Rd, Moraga, CA 94575, USA",37.8413472,-122.1101354
"De La Salle College, Castleblayney Road, Dundalk","Castleblayney Road, Castletown, Dundalk, Co. Louth, Ireland",54.0164969,-6.4277799
"St Vincent's Secondary School, Seatown Place, Dundalk","Seatown Pl, Marshes Lower, Dundalk, Co. Louth, Ireland",54.005274,-6.391834
"St Louis Secondary School, Dun Lughaidh, Dundalk","Castletown Rd, Castletown, Dundalk, Co. Louth, Ireland",54.0170012,-6.4262564
"Dundalk Grammar School, The Crescent, Dundalk","The Crescent, Cambrickville, Dundalk, Co. Louth, Ireland",53.9986444,-6.4088736
"Scoil Pól, Kilfinane, Co. Limerick","Kilfinnane, Kilfinane, Co. Limerick, Ireland",52.3616468,-8.4720349
"Glenstal Abbey School, Murroe, Co Limerick","Glenstal Abbey, Murroe, Co. Limerick, V94 HC84, Ireland",52.6606116,-8.3889565
"Scoil Mhuire & Íde, Newcastle West, Co Limerick","Green Ln, Carlow, Ireland",52.8381735,-6.9229213
"Salesian Secondary College, Don Bosco Road, Pallaskenry","Don Bosco Road, Ballydoole, Pallaskenry, Co. Limerick, V94 WP86, Ireland",52.6475376,-8.8577807
"Colaiste Mhichil, Sexton Street, Limerick","Sexton St, Limerick, V94 NF25, Ireland",52.6588659,-8.6223226
"Ardscoil Ris, North Circular Rd, Limerick","Ardscoil Rís, N Circular Rd, Limerick, Co. Limerick, V94 V602, Ireland",52.665479,-8.6408913
"St Clements College, Laurel Hill Avenue, South Circular Road","Laurel Hill Avenue, South Circular Road, Limerick, Ireland",52.6557094,-8.6382446
"St Munchin's College, Corbally, Limerick","Corbally Rd, Limerick, Ireland",52.6820057,-8.6140658
"Coláiste Nano Nagle, Sexton Street, Limerick","20 Sexton St, Limerick, V94 R5P8, Ireland",52.6601486,-8.6218387
"Laurel Hill Secondary School FCJ, Laurel Hill Secondary School FCJ, South Circular Road","S Circular Rd, Laurel Hill Ave, Limerick, Ireland",52.6549898,-8.6363918
"Laurel Hill Coláiste FCJ, Cnoc Na Labhras, Luimneach","Laurel Hill Ave, S Circular Rd, Limerick, V94 CR26, Ireland",52.6549898,-8.6363918
"Ardscoil Mhuire, Corbally, Limerick","Corbally, Limerick, Co. Limerick, V94 X2TW, Ireland",52.6702789,-8.6145849
"Villiers Secondary School, North Circular Road, Limerick","N Circular Rd, Limerick, Ireland",52.6615983,-8.6584185
"St Patrick's Classical School, Moatlands, Navan","Moatlands, Navan, Co. Meath, Ireland",53.6521339,-6.6980264
"St. Joseph's Secondary School, Navan,, Brew's Hill, Navan","Convent of Mercy, Brews Hill, Dillonsland, Navan, Co. Meath, C15 HW32, Ireland",53.6502756,-6.6881753
"Loreto Secondary School, St Michaels, Navan","Saint Michael's, Athlumney, Navan, Co. Meath, C15 YF83, Ireland",53.6520087,-6.6762401
"Eureka Secondary School, Cavan Rd, Kells","Cavan Rd, Townparks, Kells, Co. Meath, A82 R6C4, Ireland",53.7304775,-6.8860615
"Franciscan College, Franciscan College, Gormanston","Gormanston, Co. Meath, Ireland",53.6344819,-6.2358322
"Scoil Mhuire, Patrick Street, Trim","Patrick St, Trim, Co. Meath, Ireland",53.5524517,-6.790107
"Balla Secondary School, Balla, Castlebar","Balla, Moat, Castlebar, Co. Mayo, Ireland",53.8071689,-9.1375791
"St Muredachs College, Sligo Road, Ballina","Sligo Rd, Abbeyhalfquarter, Ballina, Co. Mayo, Ireland",54.1151634,-9.1430837
"St. Mary's Secondary School, Convent Hill, Ballina","Convent Hill, Ballina, Co. Mayo, Ireland",54.1158044,-9.1628981
"Our Lady's Secondary School, Belmullet via Ballina, Co Mayo","Belmullet, Co. Mayo, Ireland",54.2135644,-9.9824053
"St. Geralds College, Newport Road, Castlebar","Newport Rd, Garryduff, Castlebar, Co. Mayo, Ireland",53.8574365,-9.3080468
"St Joseph's Secondary School, Castlebar, Co Mayo","Gorteendrunagh, Castlebar, Co. Mayo, Ireland",53.8558383,-9.2908054
"Coláiste Cholmáin, Claremorris, Co Mayo","Knock Rd, Castlegar, Claremorris, Co. Mayo, Ireland",53.7351315,-8.9808415
"Mount St Michael, Claremorris, Co. Mayo","Convent of Mercy, Claremount, Claremorris, Co. Mayo, Ireland",53.732416,-9.0014401
"Jesus & Mary Secondary School, Gortnor Abbey, Crossmolina","507 Mulberry St, Independence, KS 67301, USA",37.2467307,-95.7122751
"St Joseph's Secondary School, Foxford, Co Mayo","Providence Rd, Foxford, Co. Mayo, Ireland",53.9817013,-9.1113715
"Sancta Maria College, Louisburgh, Co Mayo","Louisburgh, Clooncarrabaun, Louisburgh, Co. Mayo, Ireland",53.76469,-9.8057109
"Scoil Muire Agus Padraig, Swinford, Co Mayo","1 Church View, Swineford, Swinford, Co. Mayo, F12 K729, Ireland",53.9419276,-8.9522376
"Coláiste Mhuire, Tuar Mhic Éadaigh, Clar Cloinne Mhuiris","Carheen, Tourmakeady, Co. Mayo, Ireland",53.6654081,-9.350634
"Rice College, Westport, Co Mayo","Castlebar Rd, Carrowbeg, Westport, Co. Mayo, Ireland",53.8012134,-9.5125995
"Sacred Heart School, Westport, Co Mayo","Castlebar Rd, Carrowbeg, Westport, Co. Mayo, Ireland",53.8012648,-9.5175595
"Patrician High School, Carrickmacross, Co. Monaghan","Cloghvally Upper, Carrickmacross, Co. Monaghan, Ireland",53.9827335,-6.716467
"St Louis Secondary School, Carrickmacross, Co. Monaghan","1 R179, Drummond Etra, Co. Monaghan, Ireland",53.9733154,-6.7184699
"Our Lady's Secondary School, Castleblayney, Co. Monaghan","Castleblayney, Moraghy, Castleblayney, Co. Monaghan, Ireland",54.1192092,-6.7432266
"St. Macartan's College, Monaghan, Co. Monaghan","Mullamurphy, Co. Monaghan, Ireland",54.2639066,-6.9562484
"St. Louis Secondary School, Monaghan, Co. Monaghan","Mullaghmonaghan, Monaghan, Ireland",54.2449085,-6.9727512
"Monaghan Collegiate School, Corlatt, Monaghan","Corlatt, Corlat, Monaghan, Ireland",54.2412459,-6.9395153
"Scoil na mBraithre, Mitchell Street, Dungarvan","Mitchell St, Dungarvan, Co. Waterford, Ireland",52.0878205,-7.6227649
"St Augustines College, Abbeyside, Dungarvan","Abbeyside, Dungarvan, Co. Waterford, Ireland",52.100178,-7.591896
"Ard Scoil na nDeise, Convent Rd., Dungarvan","Sli Na Mara, Convent Row, Dungarvan, Co. Waterford, Ireland",52.0873907,-7.6183778
"C.B.S. Mount Sion, Waterford, Barrack Street, Waterford City","Barrack St, Waterford, Ireland",52.2562428,-7.1167978
"Waterpark College, Park Road, Newtown Road","Swiss Cottage Newtown Rd, Waterford, X91 D40P, Ireland",52.2559279,-7.1015948
"De La Salle College, Newtown, Waterford","Newtown Road Lower, Waterford, Ireland",52.253541,-7.102575
"Presentation Secondary School, Cannon Street, Waterford","Cannon St, Waterford, X91 V23C, Ireland",52.2523649,-7.1266147
"Our Lady of Mercy Secondary School, Ozanam St., Waterford","Ozanam St, Waterford, Ireland",52.260354,-7.1273478
"St Angela's Secondary School, Ursuline Convent, Waterford","Ballytruckle Rd, Waterford, Ireland",52.2459495,-7.1137591
"Newtown School, Newtown Road, Waterford City","Newtown Rd, Waterford, Ireland",52.2517964,-7.100313
"C.B.S. Roscommon, Abbeytown, Galway Rd.","Abbeytown, Ballypheasan, Roscommon, Co. Roscommon, Ireland",53.626567,-8.19538
"Scoil Muire gan Smal, Convent of Mercy, Roscommon Town","Convent of Mercy, Convent Rd, Ardnanagh, Roscommon, Ireland",53.6273661,-8.1975501
"Scoil Mhuire, Strokestown, Co Roscommon","Strokestown, Lisroyne, Strokestown, Co. Roscommon, Ireland",53.7774271,-8.1123617
"St Marys College, Ballysadare, Co Sligo","Ballysadare, Knockmuldoney, Ballisodare, Co. Sligo, Ireland",54.2100573,-8.5115243
"Coláiste Muire, Ballymote, Co Sligo","Convent of Mercy, Carrowcauly, Ballymote, Co. Sligo, Ireland",54.0939456,-8.5138488
"Jesus & Mary Secondary School, Enniscrone, Co Sligo","507 Mulberry St, Independence, KS 67301, USA",37.2467307,-95.7122751
"Summerhill College, College Road, Sligo","College Road, Knocknaganny, Sligo, Ireland",54.2660018,-8.4795059
"Ursuline College, Finisklin, Sligo","F91 FW54 Ursuline Convent, Finisklin Rd, Cartron, Sligo, Ireland",54.276066,-8.4876003
"Mercy College, Chapel Hill, Sligo","Chapel Hill, Abbeyquarter South, Sligo, Ireland",54.267283,-8.4670677
"Sligo Grammar School, The Mall, Sligo","The Mall, Rathquarter, Sligo, Ireland",54.2729652,-8.463732
"Presentation Secondary School, Ballingarry, Thurles","Ballingarry, Ballingarry Lower, Ballingarry, Co. Tipperary, Ireland",52.5897416,-7.5655554
"St Josephs College, Pallas Street, Borrisoleigh","1 Pallas St, Borrisland South, Borrisoleigh, Co. Tipperary, E41 X228, Ireland",52.748946,-7.9599165
"Edmund Rice Secondary School, Mount St. Nicholas, Carrick-on-Suir","Unnamed Road, Ballylynch, Carrick-On-Suir, Co. Tipperary, Ireland",52.3485447,-7.3993788
"Scoil Mhuire, Greenhill, Carrick-On-Suir","Greenhill, Carrick-On-Suir, Co. Tipperary, E32 WN66, Ireland",52.3504642,-7.4014202
"Rockwell College, Cashel, Co Tipperary","Carrigeen, Rockwell College, Co. Tipperary, Ireland",52.4578294,-7.8927428
"Árdscoil na mBráithre, Kickham Street, Clonmel","35 Kickham St, Burgagery-Lands East, Clonmel, Co. Tipperary, Ireland",52.3569233,-7.6985544
"Loreto Secondary School, Coleville Rd,, Clonmel,","Loreto Secondary School, Coleville Rd, Raheen, Clonmel, Co. Tipperary, Ireland",52.3503221,-7.6941296
"Presentation Secondary School, Clonmel, Co Tipperary","Dungarvan Rd, Greenan, Clonmel, Co. Tipperary, Ireland",52.3487105,-7.717249
"Patrician Presentation, Rocklow Rd., Fethard","Rocklow Rd, Fethard, Co. Tipperary, Ireland",52.4684524,-7.698132
"St. Joseph's C.B.S, Summerhill, Nenagh","Summerhill, Nenagh North, Nenagh, Co. Tipperary, Ireland",52.8665478,-8.1930194
"St Mary's Secondary School, Nenagh, Co Tipperary","Nenagh, Nenagh North, Nenagh, Co. Tipperary, Ireland",52.8650613,-8.2017081
"St. Mary's Secondary School, Church Road, Newport","Queen's Hill, Newport NP20 5HJ, UK",51.592019,-3.0011204
"Cistercian College, Roscrea, Co. Tipperary","Mount St Joseph Abbey, Mountheaton, Roscrea, Co. Tipperary, Ireland",52.9626356,-7.8548206
"Our Ladys Secondary School, Templemore, Co. Tipperary","Sisters of Mercy Convent, Church Ave, Kiltillane, Templemore, Co. Tipperary, Ireland",52.7971606,-7.8294307
"C.B.S. Thurles, Rossa St, Thurles","O'Donovan Rossa St, Thurles Townparks, Thurles, Co. Tipperary, Ireland",52.6811987,-7.8142163
"Presentation Secondary School, Thurles, Co Tipperary","Monacocka, Thurles, Co. Tipperary, Ireland",52.6813991,-7.8072717
"Ursuline Secondary School, Thurles, Co. Tipperary","Ursuline Secondary School, Smith O'Brien St, Monacocka, Thurles, Co. Tipperary, Ireland",52.6810604,-7.8120085
"The Abbey School, Station Road, Tipperary Town","Station Road, Town Lot, Tipperary, Ireland",52.4713498,-8.1592793
"St. Anne's Secondary School, St. Anne's Secondary School, Rosanna Road","Rosanna Rd, Carrownreddy, Tipperary, Ireland",52.47842,-8.162647
"St Mary's Secondary School, Edenderry, Co Offaly","Edenderry, Co. Offaly, Ireland",53.3398252,-7.0598529
"Colaiste Choilm, O'Moore Street, Tulach Mhor","Tullamore, Co. Offaly, Ireland",53.2704352,-7.4904158
"Sacred Heart Secondary School, Daingean Road, Tullamore","Daingean Rd, Tullamore, Co. Offaly, Ireland",53.2766602,-7.4851351
"Killina Presentation Secondary School, Rahan, Tullamore","Rahan Rd, Killina, Tullamore, Co. Offaly, Ireland",53.2708404,-7.5961768
"St Nathy's College, Ballaghaderreen, Co Roscommon","Chapel Street, Ballaghadereen, Co. Roscommon, Ireland, Co. Roscommon, Ireland",53.90419,-8.581288
"Coláiste Íosagáin, Portarlington, Co. Laois","Kilmalogue, Portarlington, Co. Offaly, Ireland",53.1620053,-7.2038984
"Mercy Secondary School Mounthawk, Mounthawk,, Tralee,","R551, Mounthawk, Tralee, Co. Kerry, Ireland",52.2835862,-9.724129
"John Scottus Secondary School, Old Conna, Ferndale Road","Old Conna House, Ferndale Rd, Oldconnaught, Rathmichael, Co. Dublin, Ireland",53.217562,-6.1379512
"Gael-Choláiste Chill Dara, Seanbhóthar Luimnigh, Nás na Ríogh","R445, Naas West, Naas, Co. Kildare, Ireland",53.2158046,-6.6691701
"St. Jarlaths College, TUAM, CO GALWAY","Bishop St, Townparks (4th Division), Tuam, Co. Galway, Ireland",53.5153514,-8.8478015
"MEAN SCOIL NUA AN LEITH TRIUIGH, CAISLEAN GHRIAIRE, CO CHIARRAI","Mean Scoil Nua an Leith Triuigh, Castlegregory, Co. Kerry, Ireland",52.2550173,-10.0179768
"Árdscoil na Trionóide, Rathstewart, Athy","1 Lower St Joseph's Terrace, Athy, Co. Kildare, Ireland",52.9946645,-6.9841255
"Gaelcholáiste Phort Láirge, Cúirt An Easpaig, Baile Gunnair","Bishopscourt, Ballygunner, Waterford, Ireland",52.2285219,-7.0683436
"Meanscoil Gharman, Teach Choill an Bhrúnaigh, Coill an Bhrúnaigh","Brownswood House, Brownswood, Enniscorthy, Co. Wexford, Ireland",52.4733379,-6.5580411
"Temple Carrig Secondary School, Temple Carrig, Greystones","Greystones, Co. Wicklow, Ireland",53.1527901,-6.0851705
"Coláiste Ghlór na Mara, Bóthar na hAille, Baile Brigín","Naul Rd, Clogheder, Balbriggan, Co. Dublin, Ireland",53.607046,-6.2076958
"Le Cheile Secondary School, Hollystown Road, Tyrrelstown","Hollystown Rd, Hollystown, Dublin, D15 HC2P, Ireland",53.4244577,-6.3860471
"Hansfield ETSS, Barnwell Road, Hansfield","Barnwell Rd, Hansfield, Dublin, Ireland",53.3906166,-6.4446052
"Scoil na Tríonóide Naofa, Doon, Co Limerick","Lisgaugh, Doon, Co. Limerick, Ireland",52.6008025,-8.2444812
"Ard Scoil na Mara, Tramore, Tramore","Summerhill, Tramore West, Tramore, Co. Waterford, X91 Y981, Ireland",52.1617916,-7.1599201
"Gaelcholáiste an Phiarsaigh, An Mhainistir, Bóthar na Gráinsí","Rathfarnham, Dublin, Ireland",53.2924281,-6.2800525
"New Cross College, Cappagh Road, Finglas","Cappagh Rd, Finglas West, Dublin 11, Ireland",53.3920357,-6.3231647
"Stepaside Educate Together Secondary School, Belarmine Vale, Belarmine","Belarmine Vale, Kilgobbin, Stepaside, Co. Dublin, D18 H7W6, Ireland",53.2602635,-6.2166299
"North Wicklow Educate Together Secondary School, Putland Road, Bray","Putland Rd, Newcourt, Bray, Co. Wicklow, A98 CK73, Ireland",53.192844,-6.101418
"Bremore Educate Together Secondary School, Stephenstown Campus, Naul Road","Stephenstown Campus, Clogheder, Balbriggan, Co. Dublin, K32 AD90, Ireland",53.6048944,-6.2037184
"Cork Educate Together Secondary School, c/o Griffith College, Wellington Road","c/o Griffith College, Wellington Rd, Cork, Ireland",51.9042981,-8.4601351
"Edmund Rice College, Carrigaline, Co. Cork","Kilnaglery, Co. Cork, Ireland",51.8083828,-8.3818967
"Our Lady's College, Newtownsmith, Galway","Newtownsmith, Galway, Ireland",53.2747947,-9.0540383
"Sandymount Park Educate Together Secondary School, The Sandymount Building, 16 Simmonscourt Road","Sandymount Buildings, The, 16 Simmonscourt Rd, Dublin 4, Ireland",53.3259998,-6.2258889
"Edmund Rice College, Mill Road, Blanchardstown","Mill Rd, Blanchardstown, Dublin, Ireland",53.3895364,-6.3720367
"Firhouse Educate Together Secondary School, Firhouse, Dublin 24","South Dublin, Tallaght, Dublin, Ireland",53.2764338,-6.3380697
"Malahide & Portmarnock Secondary School, Swords Enterprise Park, Feltrim Road","Malahide, Co. Dublin, Ireland",53.4509236,-6.1501378
"Limerick City East Secondary School, Limerick City East, Limerick","R859, Moneteen, Limerick, Ireland",52.6325603,-8.6843176
"Coláiste Chiaráin, Summerhill, Athlone","Summerhill, Crannagh, Athlone, Co. Roscommon, Ireland",53.4092459,-7.9876231
"Wicklow Educate Together Secondary School, Crinion Park, Wicklow Town","Crinion Park, Corporation Lands, Wicklow, Ireland",52.9778922,-6.0367947
"Donaghmede Howth Educate Together Secondary School, Grange Abbey Road, Dublin 13","Belmayne North, Donaghmede, Dublin 13, Ireland",53.4048048,-6.1684883
"Galway City & Oranmore Educate Together Secondary School, Grianach House, Murrough","Galway, Ireland",53.270668,-9.0567905
"Laytown & Drogheda Educate Together Secondary School, c/o Laytown Bettystown Youtreach, Coast Road","Laytown, Co. Meath, Ireland",53.6806301,-6.2374498
"Balbriggan Community College, Pine Ridge, Chapel St.","Pine Ridge, Chapel St, Tankardstown, Balbriggan, Co. Dublin, K32 HE19, Ireland",53.6104428,-6.1901239
"Grange Community College, Grange Abbey Road, Donaghmede","Grange Abbey Rd, Donaghmede, Dublin 13, D13 RW28, Ireland",53.3993106,-6.1558248
"Coláiste de hÍde, Br Chaisleáin Thigh Mótháin, Tamhlacht","Bóthar Chaisleáin Thigh Mothain, Tamhlacht, Tymon North, Dublin, Ireland",53.3012174,-6.348457
"Deansrath Community College, Westbourne Rise, Clondalkin","Westbourne Rise, Deansrath, Dublin 22, Ireland",53.3241682,-6.4203392
"Collinstown Park Community College, Neilstown Rd., Rowlagh","Neilstown Rd, Neillstown, Dublin 22, Ireland",53.341236,-6.396114
"St. Kevin's Community College, Fonthill Road, Clondalkin","Fonthill Rd, Clondalkin, Dublin 22, Co. Dublin, Ireland",53.3526453,-6.4052757
"Lucan Community College, Esker Drive, Lucan","Lucan Community College, Esker Dr, Lucan, Co. Dublin, Ireland",53.3476706,-6.4497507
"Colaiste Ghleann na hAbhann, Riversdale Community College, Blanchardstown Road North","Blanchardstown Rd N, Blanchardstown, Dublin 15, Ireland",53.4019114,-6.379454
"Coláiste Chilliain, Bóthar Nangor, Cluain Dolcáin","22 Nangor Cres, Bawnoges, Clondalkin, Co. Dublin, Ireland",53.3213719,-6.4089829
"St Finians Community College, Castlefarm, Swords","Castlefarm, Swords, Co. Dublin, Ireland",53.4654457,-6.2241437
"Fingal Community College, Seatown Road, Swords","Fingal Community College, Seatown Rd, Townparks, Swords, Co. Dublin, Ireland",53.460698,-6.216774
"Greenhills College, Limekiln Avenue, Greenhills","Limekiln Ave, Walkinstown, Dublin 12, D12 DP8W, Ireland",53.30722,-6.3351279
"Firhouse Community College, Firhouse Road, Dublin 24","Firhouse Rd, Tallaght, Dublin 24, Ireland",53.2762325,-6.3484937
"Mount Seskin Community College, Jobstown, Tallaght","Fortunestown Road, Jobstown, Dublin 24, D24 R267, Ireland",53.2788424,-6.4101483
"Cabra Community College, Kilkieran Road, Cabra","Kilkieran Rd, Cabra West, Dublin, Ireland",53.3687218,-6.2943072
"Clogher Road Community College, Clogher Road, Crumlin","113 Clogher Rd, Crumlin, Dublin, D12 X8E2, Ireland",53.3265124,-6.2934146
"Coláiste Eoin, Cappagh Road, Finglas West","Cappagh Rd, Finglas, Dublin 11, D11 AY65, Ireland",53.3876613,-6.3098224
"Ringsend College, Cambridge Road, Ringsend","Cambridge Rd, Dublin 4, Ireland",53.3437546,-6.2245095
"Kylemore College, Kylemore Road, Ballyfermot","Kylemore Road, Ballyfermot, Dublin 10, Ireland",53.3450975,-6.3516238
"Marino College, 14-20 Marino Mart, Fairview","Ballybough, Dublin, Co. Dublin, Ireland",53.3643758,-6.2314903
"St Mac Dara's Community College, St. Mac Dara's Community College, Wellington Lane","Wellington Ln, Templeogue, Dublin 6W, Co. Dublin, Ireland",53.2970834,-6.3268266
"Rathmines College, Town Hall, Rathmines","Townhall, Rathmines, Dublin 6, Ireland",53.3240796,-6.2652375
"Pearse College - Colaiste an Phiarsaigh, Clogher Road, Crumlin","Clogher Rd, Crumlin, Dublin, Ireland",53.3265403,-6.2934106
"Plunket College, Swords Road, Whitehall","Swords Rd, Whitehall, Dublin 9, D09 C94K, Ireland",53.3794304,-6.2482547
"Margaret Aylward Community College, The Thatch Road, Whitehall","The Thatch Rd, Whitehall, Dublin 9, Ireland",53.3838442,-6.2400965
"Coláiste Dhúlaigh, Barryscourt Road, Coolock","17 Barryscourt Rd, Coolock, Dublin 17, Ireland",53.3966321,-6.211757
"St Bricin's College, Belturbet, Co Cavan","Saint Bricin's College, Railway Rd, Corporation Lands, Belturbet, Co. Cavan, Ireland",54.099416,-7.4434722
"St. Mogue's College, Bawnboy, Co Cavan","Bawnboy, Co. Cavan, Ireland",54.122559,-7.6775437
"Breifne College, Cootehill Rd, Cavan","12 Cootehill Rd, Curragho, Co. Cavan, H12 PX51, Ireland",54.0095501,-7.3462594
"Virginia College, Virginia, Co Cavan","Virginia, Rahardrum, Virginia, Co. Cavan, Ireland",53.8317736,-7.0845831
"Borris Vocational School, Borris, Co Carlow","Borris, Knocknagundarragh, Borris, Co. Carlow, Ireland",52.5972716,-6.9178413
"Coláiste Eoin, Hacketstown, Co Carlow","Hacketstown Upper, Co. Carlow, Ireland",52.8611781,-6.5530601
"Tyndall College, Mortarstown, Kilkenny Road","Kilkenny Rd, Mortarstown Upper, Carlow, Ireland",52.8185242,-6.9446829
"Coláiste Aindriú, Muine Bheag, Co Carlow","Kilcarrig, Bagenalstown, Co. Carlow, Ireland",52.7021103,-6.9506057
"Gaelcholáiste Cheatharlach, Easca, Ceatharlach","Gaelcholáiste Ceatharlach, Askea, Carlow, Ireland",52.8368409,-6.9108865
"Killarney Community College, New Road, Killarney","New Rd, Inch, Killarney, Co. Kerry, Ireland",52.0624898,-9.5195383
"Community College Killorglin, Killorglin, Co Kerry","Community College Killorglin, Langford St, Ardmoneel, Killorglin, Co. Kerry, Ireland",52.0999548,-9.7841122
"Coláiste na Ríochta, Upper Church St.,, Listowel","Upper Church St, Ballygowloge, Listowel, Co. Kerry, Ireland",52.4483793,-9.4791246
"Castleisland Community College, Tonbwee, Castleisland","Tonbwee, Castleisland, Co. Kerry, Ireland",52.2272523,-9.4566303
"Causeway Comprehensive School, Causeway, Tralee","1 Tóchar View, Dromkeen West, Causeway, Co. Kerry, V92 EP46, Ireland",52.4118438,-9.7360539
"Coláiste Gleann Lí Post Primary School, Clash Road, Tralee","Clash Road, Clash West, Tralee, Co. Kerry, Ireland",52.2724915,-9.6865223
"Gaelcholáiste Chiarraí, Tobar Mhaigh Dor, Trá Lí","Cloon Beg, Tralee, Co. Kerry, Ireland",52.2667396,-9.6989362
"Scoil Aireagail, Ballyhale, Co. Kilkenny","Ballyhale, Knocktopher Manor, Ballyhale, Co. Kilkenny, Ireland",52.478758,-7.2125559
"Duiske College, Graignamanagh, Co Kilkenny","High St, Brandondale, Graiguenamanagh, Co. Kilkenny, Ireland",52.5400938,-6.9573525
"Coláiste Mhuire, Johnstown, Co Kilkenny","Urlingford Rd, Glebe, Johnstown, Co. Kilkenny, Ireland",52.7443664,-7.5596697
"City Vocational School, New Street,, Kilkenny","Lower New St, Kilkenny, Ireland",52.6478498,-7.2544498
"Coláiste Cois Siúire, Mooncoin, Co Kilkenny","Filbuckstown, Mooncoin, Co. Kilkenny, X91 Y168, Ireland",52.2903323,-7.2467168
"Grennan College, Ladywell St, Thomastown","Lady's Well St, Thomastown, Co. Kilkenny, Ireland",52.5284997,-7.1433941
"Coláiste Pobail Osraí, Bóthar Urmhumhan, Cill Chainnigh","6-7 Ormonde Rd, Kilkenny, Co. Kilkenny, Ireland",52.648616,-7.25182
"Athy Community College, Tomard, Athy","Rathstewart, Athy, Co. Kildare, R14 KT50, Ireland",53.001559,-6.9863983
"Curragh Post-Primary School, McSwiney Road, Curragh","McSwiney Road, Curragh, Co. Kildare, Ireland",53.1473624,-6.8323535
"Colaiste Lorcain, Castledermot, Co. Kildare","Castledermot, Mullarney, Athy, Co. Kildare, Ireland",52.9092191,-6.8388259
"St Conleth's Community College, Station Road, Newbridge","Station Rd, Piercetown, Newbridge, Co. Kildare, Ireland",53.1828618,-6.8019049
"Confey Community College, Confey, Leixlip","River Forest, Newtown, Leixlip, Co. Kildare, Ireland",53.3728402,-6.4983019
"Maynooth Post Primary School, Moyglare Rd, Maynooth","Maynooth, Co. Kildare, Ireland",53.3847093,-6.5957705
"Piper's Hill College, Killashee, Naas","Killashee, Piper's Hill Campus, Naas, Co. Kildare, Ireland",53.1954453,-6.669876
"St Farnan's Post Primary School, Prosperous, Co. Kildare","Curryhills, Prosperous, Co. Kildare, Ireland",53.2866956,-6.7516438
"Ardscoil Rath Iomgháin, Rathangan, Co Kildare","Rathangan, Rathangan Demesne, Rathangan, Co. Kildare, Ireland",53.2183382,-6.9941143
"Glenart College, Coolgreaney Rd, Arklow","Coolgreaney Rd, Sheephouse, Arklow, Co. Wicklow, Ireland",52.7964072,-6.1729309
"Scoil Chonglais, Baltinglass, Co Wicklow","Carsrock, Baltinglass, Co. Wicklow, Ireland",52.9378838,-6.7013089
"Blessington Community College, Naas Rd, Blessington","Naas Rd, Blessington, Co. Wicklow, Ireland",53.1695369,-6.5391134
"St Thomas' Community College, Novara Avenue, Bray","Novara Ave, Bray, Co. Wicklow, Ireland",53.2007951,-6.106714
"Coláiste Bhríde Carnew, Carnew, Arklow","Main St, Carnew, Co. Wicklow, Ireland",52.710198,-6.502342
"St Kevin's Community College, Dunlavin, Co Wicklow","Saint Kevin's Community College, Pound Rd, Dunlavin Upper, Dunlavin, Co. Wicklow, Ireland",53.0543708,-6.6967596
"Avondale Community College, Rathdrum, Co Wicklow","Rathdrum, Co. Wicklow, Ireland",52.9343558,-6.2361008
"Coláiste Raithín, Bóthar Bhaile Átha Cliath, Bré","Bóthar Bhaile Átha Cliath, Ravenswell, Bré, Co. Chill Mhantáin, A98 X3A3, Ireland",53.2096484,-6.109433
"Ennis Community College, Harmony Row, Ennis","Harmony Row, Lifford, Ennis, Co. Clare, Ireland",52.8470207,-8.9878814
"Ennistymon Vocational School, Ennistymon, Ennis","Ennistimon, Co. Clare, V95 P991, Ireland",52.9401207,-9.2949715
"St Michael's Community College, Kilmihil, Co Clare","Saint Michael's Community College, Newtown, Kilmihil, Co. Clare, Ireland",52.7248033,-9.3211622
"St Joseph's Community College, Carrigaholt Road, Kilkee","7 Church Rd, Dough, Kilkee, Co. Clare, Ireland",52.6744206,-9.6502933
"Scariff Community College, Scariff Community College, Drewsborough","Drewsborough, Scarriff, Co. Clare, V94 Y9W2, Ireland",52.9027336,-8.5359141
"St Anne's Community College, Killaloe, Co Clare","Clarisford, Shantraud, Killaloe, Co. Clare, Ireland",52.8030727,-8.4402273
"St. Brogan's College, Bandon, Kilbrogan, Bandon","St Brogan's College, Kilbrogan, Bandon, Co. Cork, Ireland",51.7565561,-8.7422537
"Colaiste Ghobnatan, Baile Mhic Ire, Machromtha","Flats, Ballymakeery, Co. Cork, P12 X239, Ireland",51.9392118,-9.1558049
"Scoil Mhuire, Béal Atha'n Ghaorthaidh, Co Chorcaí","Illauninagh West, Ballingeary, Co. Cork, P12 YP62, Ireland",51.8479875,-9.235342
"Clonakilty Community College, Clonakilty, Co Cork","Scartagh, Clonakilty, Co. Cork, P85 E099, Ireland",51.6248108,-8.8870622
"Coachford College, Coachford, Co Cork","Glebe, Coachford, Co. Cork, Ireland",51.9121113,-8.7933017
"Carrignafoy Community College, Carrignafoy, Cobh","Carrignafoy, Cobh, Co. Cork, P24 WR29, Ireland",51.8552312,-8.2861028
"Coláiste an Chraoibhin, Duntaheen Road, Fermoy","Coláiste an Chraoibhin, Duntaheen Rd, Duntahane, Fermoy, Co. Cork, Ireland",52.1352332,-8.2855797
"Colaiste Treasa, Kanturk, Co Cork","Greenane Street Upper, Bluepool, Co. Cork, Ireland",52.1779891,-8.9009388
"Davis College, Summerhill, Mallow",.,.,.
"McEgan College, Macroom, Co Cork","Macroom, Maghereen, Macroom, Co. Cork, Ireland",51.9049181,-8.9615551
"Coláiste Fionnchua, Mitchelstown, Mallow","Brigown, Mitchelstown, Co. Cork, Ireland",52.2652171,-8.2623316
"St Colman's Community College, Youghal Road, Midleton","Youghal Rd, Park South, Midleton, Co. Cork, Ireland",51.910309,-8.167486
"St Aidan's Community College, Dublin Hill, Cork","Dublin Hill, Cork, Co. Cork, T23 YE02, Ireland",51.920845,-8.4626465
"Schull Community College, Colla Road, Schull","Colla Road, Skull, Schull, Co. Cork, Ireland",51.5224824,-9.5467039
"Coláiste Choilm, Ballincollig, Co. Cork","Ballincollig, Carrigrohane, Ballincollig, Co. Cork, Ireland",51.8897506,-8.580173
"Nagle Community College, Mahon, Blackrock","Nagle Community College, Ave de Rennes, Mahon, Cork, T12 WT21, Ireland",51.8913627,-8.4027383
"Cork College Of Commerce, Morrison's Island, Cork","Morrison's Quay, Centre, Cork, Ireland",51.8956432,-8.4694212
"Terence Mac Swiney Community College, Hollyhill, Knocknaheeny","Harbour View Rd, Knocknaheeney, Cork, Ireland",51.9046339,-8.503776
"Coláiste Daibhéid, Teach Buckingham, Sráid Mhuilinn na Sábhadóireachta","Sawmill St, Ballintemple, Cork, Co. Cork, T12 VP03, Ireland",51.8937418,-8.4668286
"Crana College, Crana Road, Buncrana","Crana Rd, Ardaravan, Inishowen, Co. Donegal, Ireland",55.1350212,-7.4589171
"Coláiste na Carraige, Carrick, Co. Donegal","Carrick, Roxborough Glebe, Carrick, Co. Donegal, Ireland",54.6555012,-8.6327183
"Abbey Vocational School, The Glebe, Donegal Town","Glebe, Co. Donegal, Ireland",54.648659,-8.112553
"Errigal College, Windyhall, Letterkenny","Windyhall, Letterkenny, Co. Donegal, F92 FC82, Ireland",54.9634831,-7.7330026
"Mulroy College, Milford, Letterkenny","Rossgarrow, Milford, Co. Donegal, F92 FX36, Ireland",55.0926904,-7.7042511
"Deele College, Raphoe, Lifford","Lifford Rd, Raphoe Townparks, Lifford, Co. Donegal, Ireland",54.8742429,-7.6034088
"Finn Valley College, Drumboe Lower, Stranorlar","Drumboe Lower, Greenhills, Stranorlar, Co. Donegal, F93 AE27, Ireland",54.8070477,-7.7748944
"St. Catherine's Vocational School, Donegal Road, Killybegs","Donegal Rd, Drumbeagh, Killybegs, Co. Donegal, F94 A004, Ireland",54.6394431,-8.4373691
"Gairm Scoil Chú Uladh, Béal an Átha Móir, An Clochán","Ballinamore Vocational School, Meenagolan, Cloghan, Co. Donegal, Ireland",54.8658162,-8.044247
"Gairmscoil Mhic Diarmada, An Leadhbgarbh, Árainn Mhór","Fallagowan, Arranmore, Co. Donegal, Ireland",54.9852872,-8.4930261
"Colaiste Cholmcille, Indreabhán, Co na Gaillimhe","Aille, Inverin, Co. Galway, Ireland",53.2446698,-9.3904651
"Clárin College, Caheroyn Road,, Athenry","Newford, Athenry, Co. Galway, H65 KC65, Ireland",53.2932854,-8.7542018
"St Brigids College, St. Brigid's College,, Loughrea","Mt Pleasant, Baunoge, Loughrea, Co. Galway, Ireland",53.1952867,-8.55951
"Coláiste an Chreagáin, Mountbellew, Ballinasloe","Mountbellew, Bovinion, Ballinasloe, Co. Galway, Ireland",53.460975,-8.4838472
"COLÁISTE NAOMH ÉINNE, Cill Rónain, Inis Mór","Cottage Rd, Oghil, Kilronan, Co. Galway, Ireland",53.1258185,-9.6723852
"St Killian's College (Coláiste Chilleáin Naofa), New Inn, Ballinasloe","R348, Knockbrack, Co. Galway, Ireland",53.3009438,-8.4881895
"Coláiste Naomh Feichín, Corr na Mona, Co na Gaillimhe","Cornamona, Co. Galway, Ireland",53.5133372,-9.451209
"Coláiste na Coiribe, Bothar Bhaile na mBúrcach, Cnoc na Cathrach","Knocknacarra, Ballymoneen Rd, Ballyburke, Galway, H91 RC97, Ireland",53.2695159,-9.1236778
"Coláiste Ghobnait, Inis Oírr, Oileáin Árann","Inisheer, Co. Galway, Ireland",53.063474,-9.5225605
"Gairmscoil na bPiarsach, Ros Muc, Co na Gaillimhe","An Gort Mór, Rosmuck, Co. Condae na Gaillimhe, Ireland",53.3870817,-9.6107108
"Archbishop McHale College, Dublin Road, Tuam, Tuam","Dublin Rd, Parkmore, Tuam, Co. Galway, Ireland",53.5105127,-8.8454473
"Galway Community College, Moneenageisha, Wellpark","Wellpark, Galway, H91 K642, Ireland",53.2829121,-9.0326741
"Athlone Community College, Retreat Road, Athlone","Retreat Rd, Retreat, Athlone, Co. Westmeath, N37 Y985, Ireland",53.4246831,-7.9211828
"Castlepollard Community College, Castlepollard, Mullingar","Castlepollard, Kinturk Demesne, Castlepollard, Co. Westmeath, Ireland",53.6748789,-7.3050636
"Columba College, Killucan, Co Westmeath","Columba College, Killucan, Co. Westmeath, Ireland",53.5165218,-7.1400535
"Mullingar Community College, Millmount Road, Mullingar","Millmount Rd, Bellview, Mullingar, Co. Westmeath, Ireland",53.52445,-7.3345172
"Clonaslee College, Clonaslee, Co. Laois","Corbally, Co. Laois, Ireland",53.1455966,-7.5139869
"Portlaoise College, Mountrath Road, Portlaoise","Mountrath Rd, Clonroosk Little, Portlaoise, Co. Laois, R32 N795, Ireland",53.0356948,-7.3137246
"St Fergal's College, Rathdowney, Co Laois","Saint Fergal's College, Church St, Rathdowney, Co. Laois, Ireland",52.854399,-7.5770925
"Carrigallen Vocational School, Carrigallen, Co. Leitrim","Carrigallen, Clooncorick, Carrigallen, Co. Leitrim, Ireland",53.9795381,-7.647758
"Lough Allen College, Drumkeerin, County Leitrim","Lugmeen, Drumkeeran, Co. Leitrim, Ireland",54.1692834,-8.1370099
"Drumshanbo Vocational School, Drumshanbo Vocational School, Drumshanbo","Drumshanbo Vocational School, Carricknabrack, Drumshanbo, Co. Leitrim, Ireland",54.0485338,-8.0464014
"Coláiste Abbáin, Adamstown, Enniscorthy","Adamstown, Glenour, Enniscorthy, Co. Wexford, Ireland",52.3920602,-6.7192782
"Bridgetown College, Bridgetown, Co Wexford","co Y35 R 628, Bridgetown, Lake, Bridgetown, Co. Wexford, Ireland",52.2289421,-6.5499745
"Bunclody Vocational College, Irish Street, Bunclody","Irish St, Ballinapark, Bunclody, Co. Wexford, Ireland",52.6530531,-6.6513905
"Enniscorthy Vocational College, Milehouse Rd, Enniscorthy","Milehouse Rd, Bellefield, Enniscorthy, Co. Wexford, Ireland",52.5098591,-6.5851425
"Coláiste an Átha, Kilmuckridge, Gorey","Kilmuckridge, Gorey, Co. Wexford, Ireland",52.5117753,-6.2859714
"Kennedy College, New Ross, Co Wexford","Bosheen St, Trianglepark, New Ross, Co. Wexford, Ireland",52.3912839,-6.9329681
"Selskar College (Coláiste Sheilscire), Westgate, Wexford","Y35 RY27, Westgate, Townparks, Wexford, Ireland",52.3414349,-6.4678387
"Ballymahon Vocational School, Ballymahon, Co Longford","Ballymahon, Co. Longford, Ireland",53.5682901,-7.7721137
"Colaiste Mhuire, Askeaton, Co Limerick","Church St, Askeaton, Co. Limerick, Ireland",52.6001928,-8.969714
"Ardscoil Phadraig, Granard, Co Longford","Granard, Churchquarter, Granard, Co. Longford, Ireland",53.7772429,-7.5044888
"Lanesboro Community College, Lanesboro, Co Longford","Knock, Lanesborough, Co. Longford, N39 NN52, Ireland",53.6692632,-7.9839016
"Templemichael College, Templemichael, Longford","Templemichael, Longford, N39 DA02, Ireland",53.731941,-7.7863535
"Bush Post Primary School, Riverstown, Dundalk","Dundalk Rd, Seecrin, Dundalk, Co. Louth, Ireland",53.9985629,-6.18871
"St Oliver's Community College, Rathmullen Road, Drogheda","Rathmullan Rd, Rathmullan, Drogheda, Co. Louth, Ireland",53.7142257,-6.3780914
"Ó Fiaich College, Dublin Road, Dundalk","Dublin Rd, Marshes Upper, Dundalk, Co. Louth, Ireland",53.9861037,-6.392203
"Scoil Ui Mhuiri, Barn Road, Dunleer","Barn Rd, Skibbolmore, Dunleer, Co. Louth, Ireland",53.8263672,-6.3820163
"Desmond College, Station Road, Newcastle West","Station Rd, Gortboy, Newcastle West, Co. Limerick, Ireland",52.4559271,-9.0522728
"Colaiste Chiarain, Croom, Co. Limerick","High St, Tooreen, Croom, Co. Limerick, Ireland",52.5208434,-8.7138012
"Hazelwood College, Dromcollogher, Co. Limerick","Hazelwood College, Kells, Dromcolliher, Co. Limerick, Ireland",52.3433302,-8.9033912
"St Peter's College, Dunboyne, Co. Meath","Station Rd, Bracetown, Dunboyne, Co. Meath, Ireland",53.4185002,-6.468379
"Community College Dunshaughlin, Dunshaughlin, Co Meath","Drumree Rd, Knocks, Dunshaughlin, Co. Meath, A85 TY22, Ireland",53.5138304,-6.5497252
"Coláiste Clavin, Enfield Road, Longwood","Enfield Road, Clonguiffin, Meath, Ireland",53.4523753,-6.9161616
"O'Carolan College, Nobber, Co Meath","O'Carolan College, Nobber, Co. Meath, Ireland",53.8173128,-6.7419012
"St Oliver Post Primary, Oldcastle, Co. Meath","4-2 Cavan St, Oldcastle, Co. Meath, Ireland",53.7719608,-7.1625026
"Coláiste Pobail Rath Cairn, Ráth Chairn, Áth Buí,","Rathcarran, Clifton, Co. Meath, C15 FK26, Ireland",53.6200683,-6.860762
"Beaufort College, Trim Rd, Navan","Trim Rd, Limekilnhill, Navan, Co. Meath, C15 PY53, Ireland",53.6435793,-6.6828793
"Moyne College, Ballina, County Mayo","Abbeyhalfquarter, Ballina, Co. Mayo, Ireland",54.113022,-9.1482886
"St. Brendan's College, Belmullet, Co. Mayo","Saint Brendan's College, Belmullet, Co. Mayo, Ireland",54.2148735,-9.9789984
"St. Tiernan's College, Mullinmore Street, Crossmolina","Mullenmore St., Knockalegan, Crossmolina, Co. Mayo, Ireland",54.0974732,-9.3158409
"St. Patrick's College, Lacken Cross, Killala","Lacken Cross, Doonamona, Killala, Co. Mayo, Ireland",54.2294299,-9.2879252
"Colaiste Chomain, Rossport, Ballina","Rosdoagh, Ross Port, Co. Mayo, F26 YR99, Ireland",54.2860887,-9.8025432
"Ballybay Community College, Ballybay, Co Monaghan","R180, Corrybrannan, Co. Monaghan, Ireland",54.123694,-6.901818
"Largy College, Analore Rd, Clones","1 Analore Rd, Legarhill, Monaghan, Co. Monaghan, Ireland",54.1791884,-7.2247265
"Inver College, Carrickmacross, Co Monaghan","Inver College, Castleblaney Rd, Cloghvally Upper, Carrickmacross, Co. Monaghan, Ireland",53.9835693,-6.7161023
"Castleblayney College, Dublin Road, Castleblayney","Castleblayney College, Dublin Rd, Onomy, Castleblayney, Co. Monaghan, Ireland",54.1145498,-6.7325176
"Beech Hill College, Tirkeenan, Monaghan","Dublin Rd, Tirkeenan, Monaghan, H18 P997, Ireland",54.2445023,-6.962661
"Dungarvan College-Coláiste Dhun Garbhán, Youghal Road, Dungarvan","Youghal Rd, Cloneety, Dungarvan, Co. Waterford, X35 PV34, Ireland",52.0871838,-7.6283517
"St Declan's Community College, Kilmacthomas, Co Waterford","Kilmacthomas, Co. Waterford, Ireland",52.2047906,-7.4212633
"St Paul's Community College, Browne's Road, Waterford City","Paddy Browne's Rd, Lisduggan, Waterford, Ireland",52.2517223,-7.1377099
"Elphin Community College, Elphin, Castlerea","Elphin Community College, Chanterland, Elphin, Co. Roscommon, Ireland",53.8449345,-8.2028541
"Roscommon Community School, Lisnamult, Roscommon","20 St Theresa's Rd, Ardnanagh, Roscommon, Ireland",53.6249985,-8.2000222
"Corran College, Ballymote, Co Sligo","Marren Park, Rathnakelliga, Ballymote, Co. Sligo, Ireland",54.0910233,-8.515093
"Coola Post Primary School, Riverstown, Via Boyle","Riverstown, Carrickcoola, Via Boyle, Co. Sligo, F52 XE71, Ireland",54.1538951,-8.3759378
"Coláiste Iascaigh, Easkey, Co Sligo","Easky, Aderavoher, Easkey, Co. Sligo, Ireland",54.2857405,-8.9561939
"Grange Post Primary School, Grange, Co Sligo","Grange, Co. Sligo, F91 F722, Ireland",54.3916225,-8.5224947
"Ballinode College, Clarion Rd, Ballinode","Clarion Road, Bellanode, Ballinode, Co. Sligo, F91 DY66, Ireland",54.2790053,-8.4591399
"Borrisokane Community College, Borrisokane, Co Tipperary","Borrisokane Church of Ireland, Fairgreen, Ballyhaden, Borrisokane, Co. Tipperary, Ireland",53.0010665,-8.1181204
"Comeragh College, Tinvane, Carrick-On-Suir","Tinvane, Carrick-On-Suir, Co. Tipperary, Ireland",52.3520793,-7.3890996
"Raheen College, Clonmel, Co Tipperary","The Mall, Raheen, Clonmel, Co. Tipperary, Ireland",52.3537524,-7.695879
"Scoil Ruain, Killenaule, Thurles","Killenaule, Thurles, Co. Tipperary, Ireland",52.5719305,-7.6767407
"Nenagh College, Dromin Road, Nenagh","Dromin Rd, Nenagh North, Nenagh, Co. Tipperary, Ireland",52.8706725,-8.2011437
"Newport College, Black Road, Newport","Black Rd, Newport, Co. Tipperary, Ireland",52.7150905,-8.4064467
"St. Ailbe's School, Rosanna Road, Tipperary Town","Roselawn, Carrownreddy, Tipperary, Ireland",52.4784701,-8.1565153
"Coláiste Mhuire Co-Ed, Castlemeadows, Thurles","Castlemeadows, Gortataggart, Thurles, Co. Tipperary, Ireland",52.6840722,-7.8256982
"Coláiste Naomh Cormac, Kilcormac, Co Offaly","Coláiste Naomh Cormac, Park, Kilcormac, Co. Offaly, Ireland",53.1793772,-7.7202134
"Ard Scoil Chiaráin Naofa, Frederick St., Clara","Frederick St, Kilcoursey, Clara, Co. Offaly, Ireland",53.3404972,-7.6126786
"Oaklands Community College, Sr. Senan Avenue, Edenderry","Sr Senan Avenue, Edenderry, Co. Offaly, Ireland",53.3368454,-7.0634784
"Tullamore College, Riverside, Tullamore","Riverside, Tullamore, Co. Offaly, R35 XC66, Ireland",53.2756368,-7.4873
"Davitt College, Springfield, Castlebar","Springfield, Castlebar, Co. Mayo, F23 VY15, Ireland",53.8571589,-9.2903781
"Colaiste na Trocaire (Mercy Community College), Rathkeale, Co. Limerick","Ballywilliam, Abbeylands, Rathkeale, Co. Limerick, Ireland",52.520051,-8.934068
"Castleknock Community College, Carpenterstown Road, Castleknock","Carpenterstown Road, Diswellstown, Dublin, Ireland",53.371686,-6.390483
"Colaiste Dun Iascaigh, Cashel Road, Cahir","Cashel Rd, Farranlahassery, Cahir, Co. Tipperary, Ireland",52.3812565,-7.9175064
"Glanmire Community College, Brooklodge, Glanmire","Brooklodge, Co. Cork, Ireland",51.9310997,-8.3842679
"Coláiste Cois Life, Gleann an Ghrífín, Leamhcán","Coláiste Cois Life, Castle Rd, Glebe, Lucan, Co. Dublin, Ireland",53.3496817,-6.4356457
"Meánscoil San Nioclás, Rinn O gCuanach, Dún Garbhán","Headquarters D Company, Youghal Rd, Ringaphuca, Dungarvan, Co. Waterford, X35 RF24, Ireland",52.0477152,-7.5755797
"Colaiste Pobail Naomh Mhuire, CREGGANE, STATION ROAD","Station Rd, Creggane, Co. Cork, Ireland",52.2362182,-8.6772107
"Coláiste na Sceilge, Caherciveen, Co. Kerry","Cahersiveen, Garranebane, Cahirciveen, Co. Kerry, Ireland",51.9401427,-10.2408435
"Colaiste Phobáil Ros Cré, Corville Road, Roscrea","Corville Rd, Demesne, Roscrea, Co. Tipperary, Ireland",52.9538002,-7.7907329
"Coláiste Iósaef, Abbeyfarm, Kilmallock","Sheares St, Abbeyfarm, Kilmallock, Co. Limerick, Ireland",52.4043212,-8.5781852
"Abbey Community College, Boyle, Co Roscommon","Abbey Community College, Upper Marian Rd, Termon, Boyle, Co. Roscommon, Ireland",53.969034,-8.29916
"Castletroy College, Newtown, Castletroy","Newtown, Castletroy, Co. Limerick, V94 6D85, Ireland",52.6631336,-8.5408984
"St John Bosco Community College, Kildysart, Ennis","Cahiracon, Kildysart, Co. Clare, Ireland",52.6726705,-9.1046003
"Colaiste Chraobh Abhann, Creowen, Kilcoole","Creowen, Kilcoole, Co. Wicklow, Ireland",53.1002438,-6.0653897
"Larkin Community College, Champions Avenue, Dublin 1","Champions Ave, North City, Dublin, Ireland",53.3522063,-6.2570492
"Skerries Community College, Skerries, Co. Dublin","Townparks, Skerries, Co. Dublin, Ireland",53.5792175,-6.1158609
"Coláiste Phobail Cholmcille, Baile Úr, Oileán Thoraí","Coláiste Phobail Cholmcille, Tory Island, Co. Donegal, Ireland",55.2647334,-8.2212443
"Coláiste Ailigh, Cnoc na Móna, Leitir Ceanainn","Knocknamona, Letterkenny, Co. Donegal, Ireland",54.9627237,-7.7241272
"Abbey Community College, Abbey Rd, Ferrybank","Abbey Rd, Ferrybank, Abbeylands, Co. Waterford, Ireland",52.264237,-7.101846
"Magh Ene College, Church Road, Bundoran","Bundoran, Drumacrin, Bundoran, Co. Donegal, Ireland",54.4755152,-8.2778962
"Moville Community College, Carrownaff, Moville","Carrownaff, Moville, Co. Donegal, Ireland",55.1872073,-7.0519345
"Gaelcholáiste Reachrann, Bóthar Mhainistir na Gráinsí, Domhnach Míde","Grange Abbey Rd, Grange Abbey, Dublin 13, D13 RW28, Ireland",53.3993137,-6.1561837
"MARIA IMMACULATA COMMUNITY COLLEGE, Dunmanway, Co Cork","Maria Immaculata Community College, Bantry Rd, Underhill, Dunmanway, Co. Cork, Ireland",51.7146221,-9.1153355
"Ratoath College, Jamestown, Ratoath","Jamestown, Ratoath, Co. Meath, Ireland",53.499422,-6.4575933
"MOHILL COMMUNITY COLLEGE, MOHILL, CO LEITRIM","Mohill, Shannagh, Mohill, Co. Leitrim, Ireland",53.9228706,-7.8715063
"Coláiste Pobail Bheanntraí, SESKIN, BANTRY","Carrignagat, Bantry, Co. Cork, Ireland",51.6739835,-9.4463403
"Coláiste Oiriall, Cnoc an Chonnaidh, Br. Ard Mhacha","Knockaconny, Monaghan, Ireland",54.2625795,-6.9504065
"PRESENTATION COMMUNITY COLLEGE, TERENURE, DUBLIN 6W","Terenure Park, Terenure, Dublin, D6W CP28, Ireland",53.3108882,-6.2863607
"COLÁISTE ÍDE AGUS IOSAEF, ABBEYFEALE, CO LIMERICK","Convent St, Abbeyfeale West, Abbeyfeale, Co. Limerick, Ireland",52.3863935,-9.2961483
"Coláiste Mhuirlinne/Merlin College, c/o Galway-Roscommon ETB, Doughiska Road","Doughiska Rd, Galway, Ireland",53.2824504,-8.9848373
"ADAMSTOWN COMMUNITY COLLEGE, Station Rd, Adamstown","Station Rd, Adamstown, Lucan, Co. Dublin, Ireland",53.3367995,-6.4620533
"Coláiste Pobail Setanta, Colaiste Pobail Setanta, Phibblestown","Phibblestown Wood, Clonsilla, Dublin 15, Ireland",53.3977573,-6.4348173
"Coláiste Chill Mhantáin, Burkeen, Wicklow Town","Burkeen, Co. Wicklow, Ireland",52.9856,-6.0665151
"GAELCHOLÁISTE LUIMNIGH, MEAL SIOR ANRAÍ, LUIMNEACH","Sir Harry's Mall, Limerick, Ireland",52.6665912,-8.6201342
"Coláiste an Eachréidh, An Coiléar Bán, Baile Átha an Rí","Tuam Rd, Gorteenacra, Athenry, Co. Galway, Ireland",53.3011203,-8.7467822
"Colaiste na hInse, Bettystown, Co Meath","Bettystown, Ninch, Bettystown, Co. Meath, Ireland",53.6928674,-6.2455013
"Donabate Community College, Portrane Road,, Donabate","Ballisk Common, Donabate, Co. Dublin, Ireland",53.4899919,-6.1458709
"Banagher College, Banagher, Co. Offaly","Kylebeg, Banagher, Co. Offaly, Ireland",53.1868093,-7.9863692
"Gaelcholáiste na Mara, Pairc Na bPiarsach, Bothar an Ghleanntain","Pearse Park, Yardland, Arklow, Co. Wicklow, Ireland",52.8013701,-6.1669672
"Gaelcholáiste Chineál Eoghain, Muileann Thulaigh Gharbháin, Bun Cranncha","Mill Ln, Tullyarvan, Buncrana, Co. Donegal, Ireland",55.1440137,-7.4527558
"Creagh College, Carnew Road, Gorey","Creagh, Gorey, Co. Wexford, Ireland",52.6755231,-6.3143657
"Ardgillan Community College, Castlelands, Balbriggan","Castleland, Balbriggan, Co. Dublin, K32 KK33, Ireland",53.6006598,-6.1805202
"Luttrellstown Community College, Luttrellstown Community College, Porterstown Road","Porterstown Road, Clonsilla, Annfield, Dublin 15, Co. Dublin, Ireland",53.3753316,-6.4088352
"Coláiste Pobail Acla, Achill Sound, Westport","Polranny, Achill, Co. Mayo, Ireland",53.932702,-9.9136906
"Kishoge Community College, Thomas Omer Way, Lucan","Thomas Omer Way, Kishoge, Lucan, Co. Dublin, Ireland",53.3362276,-6.4245941
"Colaiste na Mí, Navan, Co. Meath, Johnstown Educational Campus, Johnstown","Johnstown Educational Campus, Johnstown, Navan, Co. Meath, CO15 T028, Ireland",53.6432835,-6.6491566
"Maynooth Community College, Maynooth Education Campus, Moyglare Road","Maynooth Education Campus, Moyglare Road, Maynooth, Co. Kildare, Ireland",53.3843289,-6.5954684
"Naas Community College, Craddockstown Road, Naas","Craddockstown Rd, Cradockstown North, Naas, Co. Kildare, Ireland",53.207033,-6.651252
"Coláiste Chú Chulainn, Lower Marshes, Dundalk","Marshes Lower, Dundalk, Co. Louth, Ireland",54.0005944,-6.3956471
"DE LACY COLLEGE, Education Campus, Killegland","Ashbourne Education Campus, Killegland, Ashbourne, Co. Meath, A84 VF79, Ireland",53.5114491,-6.4155032
"Lusk Community College, Raheny Lane, Rathmore Road","Raheny Cl, Rathmore Rd, Raheny, Lusk, Co. Dublin, Ireland",53.5297103,-6.1565443
"Coláiste Bhaile Chláir, Claregalway, Co. Galway","Lakeview, Claregalway, Co. Galway, Ireland",53.3351311,-8.9365793
"Gaelcholáiste Charraig Ui Leighin, Gaelcholáiste Charraig Uí Leighin, Tigh Pháirc an Uisce","Carrigaline Middle, Carrigaline, Co. Cork, Ireland",51.8163846,-8.3863567
"Kingswood Community College, Ballymount Road, Kingswood Heights","Kingswood Ave, Kingswood Heights, Dublin 24, Ireland",53.3066255,-6.3721623
"Coláiste Dún an Rí, Kingscourt, Co Cavan","Lower Main St Lower Main St, Lisasturrin, Kingscourt, Co. Cavan, A82 C3Y9, Ireland",53.9097387,-6.8058147
"Carrigtwohill Post Primary, Unit A2, Fota Business Park","Killacloyne, Carrigtohill, Co. Cork, Ireland",51.9100964,-8.2937738
"St Joseph's Community College, St. Joseph's Community College, Charlestown","Lowpark Ave, Lowpark, Charlestown, Co. Mayo, Ireland",53.960325,-8.801422
"Clonturk College, Swords Road, Whitehall","Plunket College, 9, Ireland, Swords Rd, Whitehall, Dublin, Co. Dublin, Ireland",53.3794545,-6.2482653
"Thomond Community College, Moylish Park, Moylish","Dooneen Rd, Woodview Park, Limerick, Ireland",52.6784932,-8.6489581
"Griffeen Community College, c/o Kishogue Community College, Thomas Omar Way","Care of, Kishoge Community College, Ninth Lock Rd, Kishoge, Lucan, Co. Dublin, Ireland",53.3360403,-6.4267664
"Dunamase College (Colaiste Dhun Masc), Railway Street, Portlaoise","Railway St, Moneyballytyrrell, Portlaoise, Co. Laois, Ireland",53.0348752,-7.2989741
"Swords Community College, Jugback Lane, Swords","Jugback Ln, Castlefarm, Swords, Co. Dublin, Ireland",53.4655394,-6.2258002
"Mungret Community College, Old Stables Mungret College, Dromdarrig","Dromdarrig, Mungret Woods, Co. Limerick, Ireland",52.6311513,-8.6812675
"Coláiste Naomh Eoin, Inis Meáin, Oileáin Árann","Carrownlisheen, Co. Galway, Ireland",53.0871596,-9.5890719
"Newpark Comprehensive School, Newtown Park Avenue, Blackrock","Newtownpark Ave, Newtown Castlebyrn, Blackrock, Co. Dublin, Ireland",53.2898876,-6.173119
"Mount Temple Comprehensive School, Malahide Road, Dublin 3","128 Malahide Road, Malahide Road, Clontarf, Dublin 3, D03 DX79, Ireland",53.3689601,-6.2225975
"St Aidans Comprehensive School, Cootehill, Co Cavan","Station Rd, Lisnasaran, Cootehill, Co. Cavan, Ireland",54.066793,-7.062664
"Tarbert Comprehensive School, Tarbert, Listowel","Tarbert, Kilpadogue, Tarbert, Co. Kerry, V31 WD66, Ireland",52.5739636,-9.3837619
"Shannon Comprehensive School, Shannon, Co Clare","Tullyglass, Tullyvarraga, Shannon, Co. Clare, Ireland",52.7049505,-8.8796984
"Ashton School, Blackrock Road, Cork","27 Boreenmanna Rd, Belfield Abbey, Ballintemple, Cork, Ireland",51.8925892,-8.4518135
"Boherbue Comprehensive School, Boherbue, Mallow","Boherbue, Derrynatubbrid, Mallow, Co. Cork, Ireland",52.1595794,-9.0622809
"St Columba's Comprehensive School, Glenties, Co Donegal","Glenties, Gortnamucklagh, Glenties, Co. Donegal, Ireland",54.7994626,-8.2861285
"The Royal and Prior School, RAPHOE, Lifford","Raphoe Demesne, Co. Donegal, Ireland",54.8760744,-7.5898148
"Scoil Chuimsitheach Chiaráin, An Cheathrú Rua, Co na Gaillimhe","Barraderry, Carraroe, Co. Galway, Ireland",53.2622391,-9.5978179
"St. Clare's Comprehensive School, Manorhamilton, Co. Leitrim","Manorhamilton, Co. Leitrim, F91 FY82, Ireland",54.3019209,-8.1769719
"Crescent College Comprehensive, Dooradoyle Rd, Dooradoyle","Dooradoyle Rd, Dooradoyle, Co. Limerick, Ireland",52.6366286,-8.640789
"East Glendalough School, Station Road, Wicklow Town","Station Rd, Glebe, Wicklow, A67 PC52, Ireland",52.9873192,-6.0544475
"TRINITY COMPREHENSIVE SCHOOL, BALLYMUN ROAD, DUBLIN 9","Ballymun Rd, Santry, Dublin 9, Ireland",53.3935792,-6.2634717
"Holy Family Community School, Kilteel Road, Rathcoole","Kilteel Rd, Rathcoole, Co. Dublin, Ireland",53.2776391,-6.4794318
"Phobailscoil Iosolde, Palmerstown, Dublin 20","Kennelsfort Rd Upper, Johnstown, Dublin, Ireland",53.3488913,-6.3768632
"Ballinteer Community School, Broadford Road, Ballinteer","Broadford Rd, Ballinteer, Dublin, Ireland",53.280917,-6.2602675
"Cabinteely Community School, Johnstown Road, Cabinteely","Johnstown Rd, Kilbogget, Cabinteely, Co. Dublin, D18 VH73, Ireland",53.261887,-6.146344
"Scoil Phobail Chuil Mhin, Cluain Saileach, Baile Atha Cliath 15","Coolmine Cl, Clonsilla, Blanchardstown, Dublin 15, D15 PRX8, Ireland",53.3886899,-6.39567
"Blakestown Community School, Sheepmoor Avenue, Blanchardstown","Sheepmoor Ave, Blakestown, Dublin, D15 F978, Ireland",53.3960209,-6.4027919
"The Donahies Community School, Streamville Road, Dublin 13","Streamville Rd, Grange, Dublin 13, Ireland",53.3929374,-6.1732944
"Portmarnock Community School, Carrickhill Road, Portmarnock","Carrickhill Rd Upper, Carrickhill, Portmarnock, Co. Dublin, Ireland",53.431772,-6.13749
"Malahide Community School, Broomfield, Malahide","Broomfield, Malahide, Co. Dublin, Ireland",53.438265,-6.1526534
"Holy Child Community School, Pearse St, Sallynoggin","Pearse Street Sallynoggin, Thomastown, Dublin, A96 E0C9, Ireland",53.2758792,-6.1372059
"St Marks Community School, Cookstown Rd, Tallaght","Cookstown Rd, Tallaght, Dublin 24, Ireland",53.2921814,-6.3884213
"Tallaght Community School, Balrothery, Tallaght","Balrothery, Dublin 24, D24 X759, Ireland",53.2938464,-6.3378926
"Old Bawn Community School, Old Bawn, Tallaght","Oldbawn, Tallaght, Dublin 24, Ireland",53.2832867,-6.3711983
"Killinarden Community School, Killinarden, Tallaght","Killinarden, Tallaght, Dublin, Ireland",53.2761232,-6.3970421
"St Aidan's Community School, Brookfield, Tallaght","Brookview Ave, Jobstown, Dublin 24, Ireland",53.2866014,-6.412533
"Hartstown Community School, Hartstown, Clonsilla","Hartstown Rd, Blakestown, Dublin 15, D15 X049, Ireland",53.3966908,-6.4163265
"Pobalscoil Neasáin, Baldoyle, Dublin 13","School Ln, Baldoyle, Dublin 13, D13 F6N3, Ireland",53.3920796,-6.1310121
"St. Tiernan's Community School, Parkvale, Balally","Parkvale, Balally, Dublin, Co. Dublin, D16 KW26, Ireland",53.2816791,-6.2387565
"Rosmini Community School, All Hallows College Campus DCU, Gracepark Road","9 Grace Park Rd, Drumcondra, Dublin 9, Ireland",53.3710821,-6.2450121
"Bailieborough Community School, Bailieborough, Co Cavan","Virginia Rd, Tanderagee, Bailieborough, Co. Cavan, Ireland",53.9135139,-6.9735109
"Tullow Community School, The Mullawn, Tullow","Templeowen, The Mullawn, Co. Carlow, R93 DT20, Ireland",52.7994902,-6.7323126
"Community School, Castlecomer, Co Kilkenny","Castlecomer, Co. Kilkenny, Ireland",52.8037899,-7.2156982
"Leixlip Community School, Celbridge Road, Leixlip","Celbridge Rd, Leixlip, Co. Kildare, Ireland",53.3641176,-6.4989427
"Scoil Mhuire Community School, Clane, Naas","Prosperous Rd, Crockaun Commons, Clane, Co. Kildare, W91 PD79, Ireland",53.2918225,-6.6980338
"St. Kilian's Community School, Ballywaltrim, Bray","School's Road, Ballywaltrim, Bray, Co. Wicklow, Ireland",53.1854668,-6.1267978
"Ballincollig Community School, Innishmore, Ballincollig","Innishmore, Ballincollig, Co. Cork, Ireland, Ballincollig, Co. Cork, Ireland",51.890044,-8.6023365
"Beara Community School, Castletownbere, Beara","Beara Community School, Cametringane, Castletown-Bearhaven, Co. Cork, Ireland",51.6476511,-9.9135981
"Carrigaline Community School, Waterpark, Carrigaline","Waterpark, Carrigaline Middle, Carrigaline, Co. Cork, P43 TX65, Ireland",51.8180177,-8.3865783
"Millstreet Community School, Millstreet Town, Co Cork","Coomlogane, Millstreet, Co. Cork, Ireland",52.062277,-9.0690189
"St Peter's Community School, Passage West, Co Cork","Passage West, Maulbaun, Passage West, Co. Cork, Ireland",51.8662938,-8.3402873
"Douglas Community School, Clermont Avenue, Douglas","Clermont Ave, Douglas, Cork, T12 HF77, Ireland",51.8788253,-8.4430259
"Bishopstown Community School, Westgate Road, Bishopstown","Westgate Rd, Bishopstown, Cork, Ireland",51.883534,-8.5247678
"Mayfield Community School, Old Youghal Road, Mayfield","Old Youghal Rd, Mayfield, Cork, T23 DP95, Ireland",51.9125599,-8.4436422
"Carndonagh Community School, Carndonagh Community School, P.O. Box 4","Church Rd, Gort Glebe, Carndonagh, Co. Donegal, Ireland",55.2499612,-7.2698014
"Rosses Community School, Chapel Rd, Dungloe","Dunglow, Dungloe, Co. Donegal, Ireland",54.9495334,-8.3516908
"Pobalscoil Chloich Cheannfhaola, An Fálcarrach, Leitir Ceanainn","Ballyconnell, Falcarragh, Co. Donegal, F92 KR25, Ireland",55.1418815,-8.099637
"Pobalscoil Ghaoth Dobhair, Na Doirí Beaga, Leitir Ceannain","6 Port Arthur View, Lunniagh, Derrybeg, Co. Donegal, Ireland",55.0966183,-8.2786306
"Scoil Phobail Mhic Dara, Carna, Co na Gaillimhe","Carna, Co. Galway, Ireland",53.323963,-9.818426
"Scoil Phobail, Ardbear, Clifden","Ballyconneely Road, Ardbear, Clifden, Co. Galway, Ireland",53.4784073,-10.0218079
"Portumna Community School, St. Brigid's Road, Portumna","St Brigids Rd, Fairyhill, Portumna, Co. Galway, Ireland",53.0940952,-8.2200886
"Dunmore Community School, Dunmore, Co Galway","Barrack St, Abbeyland South, Dunmore, Co. Galway, Ireland",53.616655,-8.7400639
"Mountmellick Community School, Mountmellick, Co Laois","Market St, Townparks, Mountmellick, Co. Laois, Ireland",53.1176082,-7.3271745
"Heywood Community School, Ballinakill, Portlaoise","Haywood Demesne, Ballinakill, Co. Laois, Ireland",52.8854295,-7.3003724
"Ramsgrange Community School, Ramsgrange, New Ross","Unnamed Road, Ramsgrange, Co. Wexford, Ireland",52.2456153,-6.9157859
"Moyne Community School, Moyne, Co Longford","Moyne, Farmullagh, Moyne, Co. Longford, Ireland",53.9087849,-7.6473655
"Ardee Community School, Ardee, Co Louth","Stonylane, Ardee, Co. Louth, Ireland",53.8515668,-6.5463663
"St Caimin's Community School, Tullyvarraga, Shannon","Tullyvarraga, Shannon, Co. Clare, Ireland",52.7053651,-8.8627477
"Kilrush Community School, Kilrush, Co. Clare","Kilrush, Co. Clare, Ireland",52.6423229,-9.4836843
"St Ciaran's Community School, Navan Rd, Kells","Gardenrath, Kells, Co. Meath, Ireland",53.724565,-6.871833
"Ballyhaunis Community School, Knock Road, Ballyhaunis","Knock Rd, Tooraree, Ballyhaunis, Co. Mayo, Ireland",53.7652628,-8.780729
"Ballinrobe Community School, Convent Road, Ballinrobe","Convent Rd, Friarsquarter West, Ballinrobe, Co. Mayo, Ireland",53.6231796,-9.2123198
"St.Brendan's Community School, Birr, Co Offaly","Birr, Townparks, Birr, Co. Offaly, Ireland",53.1050072,-7.9163197
"Gorey Community School, Esmonde Street, Gorey","Esmonde St, Mill Lands, Gorey, Co. Wexford, Ireland",52.6731779,-6.2876501
"Castlerea Community School, Castlerea, Co. Roscommon","Castlerea, Knockroe, Castlerea, Co. Roscommon, Ireland",53.7656374,-8.4837213
"St Louis Community School, Chapel Street, Kiltimagh","Kiltimagh, Cordarragh, Kiltimagh, Co. Mayo, Ireland",53.8484098,-9.0020908
"Ashbourne Community School, Deerpark, Ashbourne","Dublin Road, 1 Deerpark, Archerstown, Ashbourne, Co. Meath, Ireland",53.5041275,-6.3881152
"Community School, Carrick-On-Shannon, Leitrim","2-12 Glen Carrick, Summerhill, Carrick-On-Shannon, Co. Leitrim, N41 XE09, Ireland",53.949038,-8.085044
"Cashel Community School, Dualla Road,, Cashel,","3a Bishop's Ave, St. Francisabbey, Co. Tipperary, Ireland",52.5190242,-7.8809957
"Gort Community School, Gort, Co. Galway","Gortstuckanagh, Gort, Co. Galway, H91 C9K1, Ireland",53.0619121,-8.8121714
"Kinsale Community School, Kinsale, Co Cork","kinsale community school, Ballynacubby, Kinsale, Co. Cork, Ireland",51.7044281,-8.5304429
"Loreto Community School, Milford, Co Donegal","Loreto Community School, Convent Rd, Millford, Milford, Co. Donegal, Ireland",55.0889377,-7.7090087
"Moate Community School, Church Street, Moate","Church St, Aghanargit, Moate, Co. Westmeath, N37 DY70, Ireland",53.3967393,-7.7260493
"John The Baptist Community School, Hospital, Co Limerick","Hospital, Barrysfarm, Hospital, Co. Limerick, Ireland",52.4735323,-8.434838
"Pobalscoil Inbhear Scéine, Kenmare, Co. Kerry","Railway Rd, Kenmare, Co. Kerry, V93 K580, Ireland",51.8821731,-9.5830017
"Scoil Phobail Sliabh Luachra, Rathmore, Co. Kerry","Rath More, Rathmore, Co. Kerry, Ireland",52.0797199,-9.2464518
"St Wolstan's Community School, Ballymakealy, Clane Rd","Shackleton Rd, Ballymakealy Lower, Celbridge, Co. Kildare, Ireland",53.3339478,-6.5612202
"Coláiste Cholmcille, College St, Ballyshannon","College St, Camp, Co. Donegal, Ireland",54.5035032,-8.1840946
"Boyne Community School, Trim, Co. Meath","Dublin Rd, Trim, Co. Meath, Ireland",53.550757,-6.784501
"BLACKWATER COMMUNITY SCHOOL, Ballyanchor Road, Lismore","Lismore, Ballyanchor Road, Co. Waterford, P51 N472, Ireland",52.1351178,-7.9402699
"St. Colmcille's Community School, Scholarstown Rd, Knocklyon","Scholarstown Rd, Knocklyon, Dublin, Co. Dublin, D16 H298, Ireland",53.2786269,-6.315072
"Pobalscoil Chorca Dhuibhne, An Gróbh, Daingean Uí Chúis","Pobalscoil Chorca Dhuibhne, Spa Rd, Grove, Dingle, Co. Kerry, Ireland",52.143275,-10.2672394
"St Attracta's Community School, Tubbercurry, Co. Sligo","Ballyara, Tubbercurry, Co. Sligo, Ireland",54.0534113,-8.7604927
"Pobalscoil na Tríonóide, Frogmore, Youghal","Parkmountain, Youghal, Co. Cork, P36 Y763, Ireland",51.95128,-7.8738631
"GLENAMADDY COMMUNITY SCHOOL, Church Street, Glenamaddy","Glenamaddy, Co. Galway, Ireland",53.6078395,-8.5653948
"GALLEN COMMUNITY SCHOOL, Main Street, Ferbane","Lower Main St, Ferbane, Co. Offaly, R42 N8P8, Ireland",53.269388,-7.8285363
"SKIBBEREEN COMMUNITY SCHOOL, Skibbereen, Co Cork","Gortnaclohy, Co. Cork, Ireland",51.550466,-9.2570479
"ATHBOY COMMUNITY SCHOOL, ATHBOY, CO MEATH","Mullaghstones, Athboy, Co. Meath, Ireland",53.6260616,-6.9134088
"BALLINAMORE COMMUNITY SCHOOL, BALLINAMORE, CO LEITRIM","R202, Kildorragh, Co. Leitrim, Ireland",54.0582796,-7.7926755
"KILDARE TOWN COMMUNITY SCHOOL, Dunmurry Road, Kildare Town","Dunmurry Rd, Crockanure Glebe, Co. Kildare, R51 D288, Ireland",53.169971,-6.9140788
"MOUNTRATH COMMUNITY SCHOOL, Dysartbeigh, Mountrath","Dysartbeigh, Dysartbeagh, Mountrath, Co. Laois, Ireland",52.995324,-7.4812815
"Ballymakenny College, Ballymakenny Road, Drogheda","Ballymakenny Rd, Greenbatter, Drogheda, Co. Louth, Ireland",53.7311458,-6.3446586
"Celbridge Community School, Moortown, Maynooth Road","R405, Crodaun, Celbridge, Co. Kildare, Ireland",53.3591173,-6.5504321
